,city,date,cloudiness,temp_min,temp_max,humidity,pop,rain
0,Mont Saint Michel,2026-02-09,100,7.59,7.59,90,0.0,0.0
1,Mont Saint Michel,2026-02-09,100,8.01,8.85,88,0.29,0.39
2,Mont Saint Michel,2026-02-09,100,8.57,9.06,92,1.0,4.05
3,Mont Saint Michel,2026-02-09,100,10.32,10.32,96,1.0,1.95
4,Mont Saint Michel,2026-02-09,94,9.13,9.13,96,0.76,0.42
5,Mont Saint Michel,2026-02-10,97,10.15,10.15,92,1.0,2.74
6,Mont Saint Michel,2026-02-10,93,9.54,9.54,90,0.75,0.38
7,Mont Saint Michel,2026-02-10,95,9.92,9.92,86,0.23,0.0
8,Mont Saint Michel,2026-02-10,99,10.15,10.15,92,0.0,0.0
9,Mont Saint Michel,2026-02-10,99,11.35,11.35,95,0.66,0.77
10,Mont Saint Michel,2026-02-10,100,12.05,12.05,98,1.0,2.06
11,Mont Saint Michel,2026-02-10,100,11.55,11.55,93,1.0,2.65
12,Mont Saint Michel,2026-02-10,100,11.06,11.06,91,1.0,1.87
13,Mont Saint Michel,2026-02-11,100,11.02,11.02,85,1.0,0.25
14,Mont Saint Michel,2026-02-11,94,10.56,10.56,87,0.0,0.0
15,Mont Saint Michel,2026-02-11,96,10.26,10.26,81,0.2,0.2
16,Mont Saint Michel,2026-02-11,93,9.84,9.84,84,0.0,0.0
17,Mont Saint Michel,2026-02-11,91,11.83,11.83,82,0.0,0.0
18,Mont Saint Michel,2026-02-11,100,10.82,10.82,88,0.96,0.51
19,Mont Saint Michel,2026-02-11,100,12.36,12.36,93,1.0,9.28
20,Mont Saint Michel,2026-02-11,100,10.77,10.77,77,1.0,5.64
21,Mont Saint Michel,2026-02-12,73,8.45,8.45,86,0.8,0.0
22,Mont Saint Michel,2026-02-12,88,8.44,8.44,90,1.0,0.66
23,Mont Saint Michel,2026-02-12,95,9.62,9.62,86,1.0,0.66
24,Mont Saint Michel,2026-02-12,96,9.48,9.48,87,1.0,1.02
25,Mont Saint Michel,2026-02-12,94,10.98,10.98,83,1.0,0.54
26,Mont Saint Michel,2026-02-12,66,10.29,10.29,81,0.64,0.39
27,Mont Saint Michel,2026-02-12,52,8.16,8.16,85,0.07,0.0
28,Mont Saint Michel,2026-02-12,99,7.85,7.85,90,0.0,0.0
29,Mont Saint Michel,2026-02-13,88,6.93,6.93,95,0.0,0.0
30,Mont Saint Michel,2026-02-13,15,6.56,6.56,95,0.0,0.0
31,Mont Saint Michel,2026-02-13,49,6.67,6.67,95,0.0,0.0
32,Mont Saint Michel,2026-02-13,80,7.53,7.53,86,0.0,0.0
33,Mont Saint Michel,2026-02-13,89,8.55,8.55,81,0.24,0.32
34,Mont Saint Michel,2026-02-13,70,8.85,8.85,82,1.0,0.95
35,Mont Saint Michel,2026-02-13,63,5.69,5.69,91,1.0,0.72
36,Mont Saint Michel,2026-02-13,100,4.0,4.0,96,1.0,0.63
37,Mont Saint Michel,2026-02-14,100,3.36,3.36,88,1.0,1.42
38,Mont Saint Michel,2026-02-14,68,2.96,2.96,75,0.0,0.0
39,Mont Saint Michel,2026-02-14,38,2.52,2.52,76,0.0,0.0
40,St Malo,2026-02-09,75,7.29,7.87,100,0.89,0.56
41,St Malo,2026-02-09,83,7.81,8.86,95,1.0,0.41
42,St Malo,2026-02-09,92,8.7,9.4,95,1.0,5.07
43,St Malo,2026-02-09,100,10.18,10.18,92,1.0,1.14
44,St Malo,2026-02-09,79,9.48,9.48,95,0.0,0.0
45,St Malo,2026-02-10,89,10.59,10.59,88,1.0,2.0
46,St Malo,2026-02-10,89,9.84,9.84,89,0.23,0.17
47,St Malo,2026-02-10,93,10.28,10.28,85,0.0,0.0
48,St Malo,2026-02-10,96,10.13,10.13,91,0.0,0.0
49,St Malo,2026-02-10,98,11.59,11.59,95,0.65,0.69
50,St Malo,2026-02-10,100,11.84,11.84,97,1.0,1.29
51,St Malo,2026-02-10,100,11.51,11.51,90,1.0,2.33
52,St Malo,2026-02-10,99,11.43,11.43,86,1.0,1.25
53,St Malo,2026-02-11,100,11.36,11.36,82,0.8,0.0
54,St Malo,2026-02-11,91,11.06,11.06,81,0.0,0.0
55,St Malo,2026-02-11,90,10.53,10.53,78,0.0,0.0
56,St Malo,2026-02-11,35,10.3,10.3,79,0.0,0.0
57,St Malo,2026-02-11,67,11.96,11.96,80,0.0,0.0
58,St Malo,2026-02-11,100,10.7,10.7,88,0.75,0.39
59,St Malo,2026-02-11,100,11.45,11.45,95,1.0,8.96
60,St Malo,2026-02-11,77,10.49,10.49,74,1.0,1.5
61,St Malo,2026-02-12,56,9.12,9.12,80,0.8,0.0
62,St Malo,2026-02-12,88,9.4,9.4,83,0.74,0.39
63,St Malo,2026-02-12,94,9.64,9.64,85,0.9,0.6
64,St Malo,2026-02-12,96,9.85,9.85,85,0.89,0.59
65,St Malo,2026-02-12,86,10.88,10.88,80,0.92,0.37
66,St Malo,2026-02-12,80,10.38,10.38,78,0.2,0.17
67,St Malo,2026-02-12,47,9.12,9.12,82,0.0,0.0
68,St Malo,2026-02-12,100,8.76,8.76,82,0.0,0.0
69,St Malo,2026-02-13,76,7.45,7.45,91,0.0,0.0
70,St Malo,2026-02-13,12,7.27,7.27,90,0.0,0.0
71,St Malo,2026-02-13,52,8.55,8.55,77,0.0,0.0
72,St Malo,2026-02-13,64,8.71,8.71,74,0.0,0.0
73,St Malo,2026-02-13,83,9.21,9.21,77,0.56,0.59
74,St Malo,2026-02-13,60,8.97,8.97,79,1.0,0.58
75,St Malo,2026-02-13,64,5.8,5.8,86,1.0,0.59
76,St Malo,2026-02-13,100,4.42,4.42,94,1.0,1.03
77,St Malo,2026-02-14,100,5.54,5.54,69,1.0,0.46
78,St Malo,2026-02-14,84,5.09,5.09,64,0.0,0.0
79,St Malo,2026-02-14,53,4.74,4.74,62,0.0,0.0
80,Bayeux,2026-02-09,100,5.14,6.99,88,0.0,0.0
81,Bayeux,2026-02-09,100,6.91,10.44,85,0.0,0.0
82,Bayeux,2026-02-09,100,7.94,9.34,84,0.28,0.22
83,Bayeux,2026-02-09,100,8.99,8.99,91,1.0,4.07
84,Bayeux,2026-02-09,96,10.03,10.03,92,0.34,0.22
85,Bayeux,2026-02-10,97,9.13,9.13,93,0.36,0.13
86,Bayeux,2026-02-10,100,9.83,9.83,93,1.0,1.09
87,Bayeux,2026-02-10,100,9.66,9.66,93,1.0,0.18
88,Bayeux,2026-02-10,100,10.14,10.14,90,0.2,0.14
89,Bayeux,2026-02-10,100,12.36,12.36,82,0.0,0.0
90,Bayeux,2026-02-10,100,11.41,11.41,94,1.0,6.38
91,Bayeux,2026-02-10,100,11.3,11.3,96,1.0,1.88
92,Bayeux,2026-02-10,94,10.33,10.33,91,0.2,0.17
93,Bayeux,2026-02-11,97,10.55,10.55,91,0.25,0.34
94,Bayeux,2026-02-11,100,10.27,10.27,90,0.0,0.0
95,Bayeux,2026-02-11,96,9.29,9.29,88,0.32,0.4
96,Bayeux,2026-02-11,99,9.54,9.54,86,0.38,0.21
97,Bayeux,2026-02-11,99,11.36,11.36,77,0.0,0.0
98,Bayeux,2026-02-11,100,12.08,12.08,80,0.0,0.0
99,Bayeux,2026-02-11,100,10.02,10.02,93,1.0,5.39
100,Bayeux,2026-02-11,100,10.6,10.6,85,1.0,4.45
101,Bayeux,2026-02-12,86,7.63,7.63,87,0.8,0.0
102,Bayeux,2026-02-12,78,8.06,8.06,92,0.99,0.43
103,Bayeux,2026-02-12,89,8.69,8.69,92,0.33,0.15
104,Bayeux,2026-02-12,94,9.42,9.42,88,1.0,0.43
105,Bayeux,2026-02-12,55,10.9,10.9,81,0.91,0.42
106,Bayeux,2026-02-12,25,9.99,9.99,82,0.9,0.47
107,Bayeux,2026-02-12,49,7.64,7.64,90,0.0,0.0
108,Bayeux,2026-02-12,17,6.97,6.97,91,0.0,0.0
109,Bayeux,2026-02-13,49,7.75,7.75,86,0.0,0.0
110,Bayeux,2026-02-13,55,6.11,6.11,94,0.0,0.0
111,Bayeux,2026-02-13,56,5.87,5.87,92,0.0,0.0
112,Bayeux,2026-02-13,75,7.36,7.36,84,0.0,0.0
113,Bayeux,2026-02-13,79,9.53,9.53,77,0.2,0.37
114,Bayeux,2026-02-13,99,8.21,8.21,87,1.0,1.08
115,Bayeux,2026-02-13,81,6.77,6.77,91,1.0,0.93
116,Bayeux,2026-02-13,68,4.28,4.28,97,1.0,0.37
117,Bayeux,2026-02-14,84,3.13,3.13,92,1.0,1.39
118,Bayeux,2026-02-14,100,4.08,4.08,67,0.86,0.0
119,Bayeux,2026-02-14,83,3.36,3.36,62,0.39,0.0
120,Le Havre,2026-02-09,0,7.51,7.77,87,0.0,0.0
121,Le Havre,2026-02-09,33,8.22,9.65,84,0.0,0.0
122,Le Havre,2026-02-09,52,9.62,10.67,77,0.0,0.0
123,Le Havre,2026-02-09,89,9.14,9.14,88,1.0,2.36
124,Le Havre,2026-02-09,100,9.3,9.3,91,1.0,4.74
125,Le Havre,2026-02-10,100,9.85,9.85,90,1.0,0.11
126,Le Havre,2026-02-10,92,9.43,9.43,95,1.0,0.94
127,Le Havre,2026-02-10,97,9.67,9.67,93,1.0,0.21
128,Le Havre,2026-02-10,100,9.72,9.72,92,0.2,0.21
129,Le Havre,2026-02-10,100,10.31,10.31,87,0.2,0.13
130,Le Havre,2026-02-10,99,10.19,10.19,97,1.0,5.02
131,Le Havre,2026-02-10,100,10.87,10.87,97,1.0,3.18
132,Le Havre,2026-02-10,100,10.53,10.53,91,0.74,0.39
133,Le Havre,2026-02-11,100,10.29,10.29,93,1.0,0.68
134,Le Havre,2026-02-11,100,10.35,10.35,87,0.68,0.35
135,Le Havre,2026-02-11,100,10.11,10.11,87,1.0,0.56
136,Le Havre,2026-02-11,100,9.85,9.85,85,1.0,0.67
137,Le Havre,2026-02-11,100,10.42,10.42,79,0.73,0.0
138,Le Havre,2026-02-11,100,10.84,10.84,81,0.0,0.0
139,Le Havre,2026-02-11,100,9.77,9.77,93,1.0,2.69
140,Le Havre,2026-02-11,100,11.24,11.24,83,1.0,9.05
141,Le Havre,2026-02-12,99,9.37,9.37,80,1.0,0.1
142,Le Havre,2026-02-12,99,8.58,8.58,87,0.0,0.0
143,Le Havre,2026-02-12,100,9.07,9.07,86,0.38,0.46
144,Le Havre,2026-02-12,100,9.73,9.73,84,1.0,0.74
145,Le Havre,2026-02-12,70,10.0,10.0,80,1.0,0.23
146,Le Havre,2026-02-12,43,9.85,9.85,79,0.22,0.21
147,Le Havre,2026-02-12,65,9.11,9.11,84,0.0,0.0
148,Le Havre,2026-02-12,88,8.33,8.33,87,0.2,0.11
149,Le Havre,2026-02-13,91,8.55,8.55,85,0.0,0.0
150,Le Havre,2026-02-13,81,7.4,7.4,89,0.0,0.0
151,Le Havre,2026-02-13,59,7.62,7.62,87,0.0,0.0
152,Le Havre,2026-02-13,100,8.32,8.32,80,0.0,0.0
153,Le Havre,2026-02-13,92,8.29,8.29,80,0.2,0.28
154,Le Havre,2026-02-13,80,8.55,8.55,81,1.0,1.11
155,Le Havre,2026-02-13,90,8.22,8.22,86,1.0,1.89
156,Le Havre,2026-02-13,80,5.52,5.52,94,1.0,1.15
157,Le Havre,2026-02-14,90,4.33,4.33,94,1.0,2.69
158,Le Havre,2026-02-14,100,5.04,5.04,74,1.0,1.74
159,Le Havre,2026-02-14,85,4.74,4.74,61,0.8,0.0
160,Rouen,2026-02-09,100,5.18,6.32,93,0.0,0.0
161,Rouen,2026-02-09,100,6.74,9.86,88,0.0,0.0
162,Rouen,2026-02-09,99,9.33,11.41,78,0.0,0.0
163,Rouen,2026-02-09,100,9.75,9.75,75,0.0,0.0
164,Rouen,2026-02-09,100,8.29,8.29,94,1.0,5.47
165,Rouen,2026-02-10,100,8.77,8.77,94,1.0,0.67
166,Rouen,2026-02-10,100,9.65,9.65,96,0.71,0.41
167,Rouen,2026-02-10,100,9.85,9.85,93,1.0,0.55
168,Rouen,2026-02-10,100,9.82,9.82,91,0.2,0.17
169,Rouen,2026-02-10,96,11.66,11.66,79,0.0,0.0
170,Rouen,2026-02-10,97,11.22,11.22,90,0.95,0.49
171,Rouen,2026-02-10,98,11.36,11.36,96,1.0,6.0
172,Rouen,2026-02-10,100,11.45,11.45,93,1.0,1.28
173,Rouen,2026-02-11,100,10.88,10.88,92,1.0,0.38
174,Rouen,2026-02-11,100,10.57,10.57,88,0.49,0.26
175,Rouen,2026-02-11,100,10.4,10.4,86,0.78,0.41
176,Rouen,2026-02-11,98,10.33,10.33,83,1.0,0.69
177,Rouen,2026-02-11,100,11.26,11.26,78,0.85,0.18
178,Rouen,2026-02-11,100,12.0,12.0,76,0.2,0.12
179,Rouen,2026-02-11,100,10.44,10.44,90,1.0,1.4
180,Rouen,2026-02-11,100,11.69,11.69,85,1.0,11.22
181,Rouen,2026-02-12,95,9.59,9.59,83,1.0,0.66
182,Rouen,2026-02-12,55,7.34,7.34,87,0.0,0.0
183,Rouen,2026-02-12,78,8.31,8.31,87,0.32,0.47
184,Rouen,2026-02-12,100,9.89,9.89,82,0.66,0.33
185,Rouen,2026-02-12,76,11.28,11.28,77,1.0,0.48
186,Rouen,2026-02-12,18,10.76,10.76,75,0.0,0.0
187,Rouen,2026-02-12,30,8.25,8.25,83,0.0,0.0
188,Rouen,2026-02-12,77,7.14,7.14,90,0.0,0.0
189,Rouen,2026-02-13,76,6.72,6.72,93,0.2,0.1
190,Rouen,2026-02-13,85,6.86,6.86,91,0.0,0.0
191,Rouen,2026-02-13,84,5.6,5.6,92,0.0,0.0
192,Rouen,2026-02-13,98,8.07,8.07,77,0.0,0.0
193,Rouen,2026-02-13,99,9.0,9.0,73,0.0,0.0
194,Rouen,2026-02-13,100,8.29,8.29,79,0.31,0.28
195,Rouen,2026-02-13,100,6.34,6.34,91,1.0,1.3
196,Rouen,2026-02-13,100,6.64,6.64,91,0.91,0.44
197,Rouen,2026-02-14,100,1.93,1.93,96,1.0,0.0
198,Rouen,2026-02-14,100,1.99,1.99,87,1.0,0.0
199,Rouen,2026-02-14,100,3.13,3.13,72,1.0,0.0
200,Paris,2026-02-09,100,4.79,6.64,97,0.0,0.0
201,Paris,2026-02-09,100,6.4,9.62,87,0.0,0.0
202,Paris,2026-02-09,100,9.26,11.5,75,0.0,0.0
203,Paris,2026-02-09,100,10.58,10.58,63,0.0,0.0
204,Paris,2026-02-09,100,9.22,9.22,80,1.0,1.0
205,Paris,2026-02-10,100,8.86,8.86,88,1.0,6.45
206,Paris,2026-02-10,100,9.35,9.35,95,1.0,1.13
207,Paris,2026-02-10,100,10.18,10.18,86,1.0,1.96
208,Paris,2026-02-10,95,10.09,10.09,82,0.2,0.19
209,Paris,2026-02-10,97,11.09,11.09,77,0.0,0.0
210,Paris,2026-02-10,85,12.79,12.79,75,0.0,0.0
211,Paris,2026-02-10,92,11.18,11.18,93,1.0,2.97
212,Paris,2026-02-10,100,12.09,12.09,90,1.0,6.04
213,Paris,2026-02-11,100,11.76,11.76,81,1.0,3.72
214,Paris,2026-02-11,100,11.61,11.61,82,0.2,0.11
215,Paris,2026-02-11,100,11.3,11.3,78,0.2,0.2
216,Paris,2026-02-11,93,11.39,11.39,73,0.2,0.16
217,Paris,2026-02-11,69,13.25,13.25,63,0.2,0.23
218,Paris,2026-02-11,92,13.11,13.11,65,0.0,0.0
219,Paris,2026-02-11,96,10.98,10.98,85,1.0,1.59
220,Paris,2026-02-11,100,12.53,12.53,80,1.0,9.5
221,Paris,2026-02-12,84,11.09,11.09,71,1.0,1.21
222,Paris,2026-02-12,100,9.44,9.44,78,0.44,0.29
223,Paris,2026-02-12,96,9.05,9.05,81,0.4,0.26
224,Paris,2026-02-12,100,9.51,9.51,78,1.0,0.89
225,Paris,2026-02-12,98,12.18,12.18,64,1.0,0.47
226,Paris,2026-02-12,10,12.45,12.45,57,0.01,0.0
227,Paris,2026-02-12,12,10.17,10.17,70,0.0,0.0
228,Paris,2026-02-12,71,8.74,8.74,74,0.0,0.0
229,Paris,2026-02-13,64,8.43,8.43,83,0.0,0.0
230,Paris,2026-02-13,100,8.57,8.57,82,0.48,0.33
231,Paris,2026-02-13,67,6.65,6.65,86,0.0,0.0
232,Paris,2026-02-13,95,7.58,7.58,86,0.0,0.0
233,Paris,2026-02-13,98,9.56,9.56,72,0.2,0.22
234,Paris,2026-02-13,93,10.82,10.82,61,0.83,0.34
235,Paris,2026-02-13,88,9.56,9.56,68,1.0,0.75
236,Paris,2026-02-13,100,7.86,7.86,80,1.0,1.2
237,Paris,2026-02-14,96,6.92,6.92,86,1.0,0.22
238,Paris,2026-02-14,100,2.07,2.07,90,1.0,0.0
239,Paris,2026-02-14,100,2.79,2.79,67,1.0,0.0
240,Amiens,2026-02-09,100,5.25,5.25,92,0.0,0.0
241,Amiens,2026-02-09,100,6.36,8.57,87,0.0,0.0
242,Amiens,2026-02-09,99,8.88,10.69,79,0.0,0.0
243,Amiens,2026-02-09,94,7.56,7.56,87,0.0,0.0
244,Amiens,2026-02-09,100,8.11,8.11,79,0.0,0.0
245,Amiens,2026-02-10,100,7.79,7.79,94,1.0,5.11
246,Amiens,2026-02-10,100,8.29,8.29,93,0.37,0.11
247,Amiens,2026-02-10,100,8.48,8.48,97,0.57,0.47
248,Amiens,2026-02-10,100,9.79,9.79,91,0.98,0.5
249,Amiens,2026-02-10,100,10.57,10.57,86,0.65,0.18
250,Amiens,2026-02-10,87,12.13,12.13,74,0.2,0.14
251,Amiens,2026-02-10,93,10.34,10.34,95,1.0,2.78
252,Amiens,2026-02-10,100,11.32,11.32,95,1.0,1.81
253,Amiens,2026-02-11,100,11.01,11.01,89,1.0,0.17
254,Amiens,2026-02-11,100,10.82,10.82,91,1.0,0.61
255,Amiens,2026-02-11,100,10.51,10.51,84,1.0,0.1
256,Amiens,2026-02-11,100,9.96,9.96,84,1.0,0.73
257,Amiens,2026-02-11,98,10.06,10.06,83,1.0,0.28
258,Amiens,2026-02-11,96,11.54,11.54,71,0.2,0.14
259,Amiens,2026-02-11,98,10.55,10.55,84,0.2,0.22
260,Amiens,2026-02-11,100,9.69,9.69,96,1.0,8.87
261,Amiens,2026-02-12,100,10.8,10.8,81,1.0,4.04
262,Amiens,2026-02-12,100,8.22,8.22,84,0.0,0.0
263,Amiens,2026-02-12,100,7.96,7.96,87,0.2,0.14
264,Amiens,2026-02-12,100,8.72,8.72,86,1.0,1.58
265,Amiens,2026-02-12,99,9.97,9.97,82,1.0,0.42
266,Amiens,2026-02-12,86,9.63,9.63,78,0.22,0.21
267,Amiens,2026-02-12,82,8.0,8.0,84,0.0,0.0
268,Amiens,2026-02-12,72,7.09,7.09,89,0.0,0.0
269,Amiens,2026-02-13,79,6.93,6.93,87,0.0,0.0
270,Amiens,2026-02-13,82,7.1,7.1,91,0.35,0.25
271,Amiens,2026-02-13,89,7.2,7.2,85,0.0,0.0
272,Amiens,2026-02-13,91,6.73,6.73,87,0.0,0.0
273,Amiens,2026-02-13,95,8.42,8.42,76,0.0,0.0
274,Amiens,2026-02-13,100,8.73,8.73,78,0.93,0.47
275,Amiens,2026-02-13,100,7.61,7.61,80,0.99,0.52
276,Amiens,2026-02-13,100,7.02,7.02,88,0.21,0.0
277,Amiens,2026-02-14,100,1.38,1.38,97,1.0,0.0
278,Amiens,2026-02-14,100,2.07,2.07,73,1.0,0.0
279,Amiens,2026-02-14,100,2.31,2.31,79,0.75,0.0
280,Lille,2026-02-09,100,4.08,5.8,89,0.0,0.0
281,Lille,2026-02-09,100,5.9,6.09,86,0.0,0.0
282,Lille,2026-02-09,100,8.3,9.55,79,0.0,0.0
283,Lille,2026-02-09,82,7.11,7.11,87,0.0,0.0
284,Lille,2026-02-09,100,5.49,5.49,87,0.0,0.0
285,Lille,2026-02-10,100,7.61,7.61,81,0.0,0.0
286,Lille,2026-02-10,100,7.29,7.29,91,1.0,0.99
287,Lille,2026-02-10,99,7.41,7.41,94,0.8,0.0
288,Lille,2026-02-10,100,7.9,7.9,94,0.0,0.0
289,Lille,2026-02-10,100,10.65,10.65,85,0.0,0.0
290,Lille,2026-02-10,95,11.05,11.05,80,0.22,0.3
291,Lille,2026-02-10,98,9.97,9.97,83,0.0,0.0
292,Lille,2026-02-10,100,9.49,9.49,96,1.0,6.29
293,Lille,2026-02-11,100,10.67,10.67,91,1.0,0.47
294,Lille,2026-02-11,100,10.17,10.17,94,0.0,0.0
295,Lille,2026-02-11,100,10.56,10.56,82,0.0,0.0
296,Lille,2026-02-11,100,10.43,10.43,79,0.0,0.0
297,Lille,2026-02-11,95,10.8,10.8,81,0.27,0.42
298,Lille,2026-02-11,100,10.45,10.45,78,0.21,0.2
299,Lille,2026-02-11,100,9.81,9.81,75,0.0,0.0
300,Lille,2026-02-11,100,9.59,9.59,91,1.0,1.37
301,Lille,2026-02-12,100,10.78,10.78,85,1.0,8.07
302,Lille,2026-02-12,100,9.25,9.25,79,1.0,1.87
303,Lille,2026-02-12,100,7.85,7.85,84,1.0,0.28
304,Lille,2026-02-12,100,8.01,8.01,88,1.0,2.81
305,Lille,2026-02-12,100,8.96,8.96,86,1.0,0.76
306,Lille,2026-02-12,100,9.34,9.34,84,1.0,0.45
307,Lille,2026-02-12,98,8.78,8.78,84,1.0,0.8
308,Lille,2026-02-12,86,7.51,7.51,81,0.06,0.0
309,Lille,2026-02-13,93,7.05,7.05,89,0.0,0.0
310,Lille,2026-02-13,88,6.29,6.29,91,0.0,0.0
311,Lille,2026-02-13,94,6.96,6.96,87,0.2,0.1
312,Lille,2026-02-13,93,7.83,7.83,81,0.84,0.42
313,Lille,2026-02-13,93,7.99,7.99,81,0.12,0.0
314,Lille,2026-02-13,100,8.74,8.74,73,0.0,0.0
315,Lille,2026-02-13,96,6.9,6.9,86,0.77,0.79
316,Lille,2026-02-13,100,2.84,2.84,94,0.72,0.47
317,Lille,2026-02-14,100,1.96,1.96,79,0.82,0.0
318,Lille,2026-02-14,100,2.1,2.1,68,0.0,0.0
319,Lille,2026-02-14,99,1.54,1.54,74,0.0,0.0
320,Strasbourg,2026-02-09,100,3.0,3.84,100,0.0,0.0
321,Strasbourg,2026-02-09,91,3.81,5.43,90,0.0,0.0
322,Strasbourg,2026-02-09,100,6.6,8.4,77,0.0,0.0
323,Strasbourg,2026-02-09,98,5.69,5.69,78,0.0,0.0
324,Strasbourg,2026-02-09,65,3.97,3.97,84,0.0,0.0
325,Strasbourg,2026-02-10,71,2.92,2.92,87,0.0,0.0
326,Strasbourg,2026-02-10,82,3.43,3.43,86,0.0,0.0
327,Strasbourg,2026-02-10,91,4.34,4.34,82,0.2,0.3
328,Strasbourg,2026-02-10,100,6.02,6.02,89,1.0,2.01
329,Strasbourg,2026-02-10,100,6.18,6.18,87,1.0,0.6
330,Strasbourg,2026-02-10,100,7.07,7.07,84,0.21,0.17
331,Strasbourg,2026-02-10,100,7.0,7.0,89,0.54,0.5
332,Strasbourg,2026-02-10,100,6.72,6.72,89,0.0,0.0
333,Strasbourg,2026-02-11,100,8.36,8.36,83,0.96,0.73
334,Strasbourg,2026-02-11,100,8.49,8.49,91,1.0,2.09
335,Strasbourg,2026-02-11,100,10.19,10.19,81,1.0,1.01
336,Strasbourg,2026-02-11,100,9.39,9.39,88,1.0,1.96
337,Strasbourg,2026-02-11,100,12.15,12.15,69,1.0,0.36
338,Strasbourg,2026-02-11,99,11.46,11.46,68,1.0,1.68
339,Strasbourg,2026-02-11,99,9.46,9.46,75,0.8,0.0
340,Strasbourg,2026-02-11,100,9.23,9.23,76,0.0,0.0
341,Strasbourg,2026-02-12,100,9.46,9.46,80,1.0,0.79
342,Strasbourg,2026-02-12,100,10.73,10.73,72,1.0,1.17
343,Strasbourg,2026-02-12,100,9.13,9.13,71,0.78,0.0
344,Strasbourg,2026-02-12,100,8.63,8.63,76,0.0,0.0
345,Strasbourg,2026-02-12,100,8.91,8.91,76,1.0,1.36
346,Strasbourg,2026-02-12,100,8.6,8.6,82,1.0,2.14
347,Strasbourg,2026-02-12,100,9.08,9.08,79,1.0,0.74
348,Strasbourg,2026-02-12,99,8.64,8.64,74,0.98,0.58
349,Strasbourg,2026-02-13,90,7.85,7.85,76,0.41,0.0
350,Strasbourg,2026-02-13,100,7.63,7.63,70,0.0,0.0
351,Strasbourg,2026-02-13,94,5.83,5.83,85,0.0,0.0
352,Strasbourg,2026-02-13,100,6.39,6.39,87,1.0,0.39
353,Strasbourg,2026-02-13,100,7.45,7.45,82,0.14,0.0
354,Strasbourg,2026-02-13,100,7.09,7.09,87,0.0,0.0
355,Strasbourg,2026-02-13,100,6.7,6.7,92,0.31,0.2
356,Strasbourg,2026-02-13,100,6.4,6.4,94,0.06,0.0
357,Strasbourg,2026-02-14,100,6.49,6.49,91,0.58,0.69
358,Strasbourg,2026-02-14,100,5.61,5.61,92,1.0,3.39
359,Strasbourg,2026-02-14,100,5.21,5.21,90,1.0,1.44
360,Chateau du Haut Koenigsbourg,2026-02-09,100,0.9,1.22,100,0.0,0.0
361,Chateau du Haut Koenigsbourg,2026-02-09,98,1.32,2.16,91,0.0,0.0
362,Chateau du Haut Koenigsbourg,2026-02-09,100,4.33,6.04,81,0.0,0.0
363,Chateau du Haut Koenigsbourg,2026-02-09,98,2.87,2.87,89,0.0,0.0
364,Chateau du Haut Koenigsbourg,2026-02-09,83,2.18,2.18,88,0.0,0.0
365,Chateau du Haut Koenigsbourg,2026-02-10,67,0.92,0.92,90,0.0,0.0
366,Chateau du Haut Koenigsbourg,2026-02-10,100,1.92,1.92,88,0.0,0.0
367,Chateau du Haut Koenigsbourg,2026-02-10,100,2.56,2.56,90,0.37,0.25
368,Chateau du Haut Koenigsbourg,2026-02-10,100,2.71,2.71,96,1.0,1.0
369,Chateau du Haut Koenigsbourg,2026-02-10,100,3.17,3.17,95,1.0,1.72
370,Chateau du Haut Koenigsbourg,2026-02-10,100,3.98,3.98,94,0.78,0.32
371,Chateau du Haut Koenigsbourg,2026-02-10,100,4.12,4.12,96,1.0,1.21
372,Chateau du Haut Koenigsbourg,2026-02-10,100,4.33,4.33,96,0.53,0.25
373,Chateau du Haut Koenigsbourg,2026-02-11,100,5.24,5.24,93,0.79,0.52
374,Chateau du Haut Koenigsbourg,2026-02-11,100,6.49,6.49,94,1.0,6.79
375,Chateau du Haut Koenigsbourg,2026-02-11,100,7.33,7.33,88,1.0,1.39
376,Chateau du Haut Koenigsbourg,2026-02-11,100,7.43,7.43,86,1.0,4.43
377,Chateau du Haut Koenigsbourg,2026-02-11,100,7.37,7.37,87,1.0,1.74
378,Chateau du Haut Koenigsbourg,2026-02-11,80,8.37,8.37,72,1.0,2.21
379,Chateau du Haut Koenigsbourg,2026-02-11,87,5.8,5.8,84,0.8,0.0
380,Chateau du Haut Koenigsbourg,2026-02-11,100,6.33,6.33,86,0.32,0.12
381,Chateau du Haut Koenigsbourg,2026-02-12,100,7.46,7.46,82,1.0,1.61
382,Chateau du Haut Koenigsbourg,2026-02-12,85,7.23,7.23,73,1.0,1.46
383,Chateau du Haut Koenigsbourg,2026-02-12,89,5.64,5.64,84,1.0,0.72
384,Chateau du Haut Koenigsbourg,2026-02-12,100,5.37,5.37,86,0.6,0.33
385,Chateau du Haut Koenigsbourg,2026-02-12,100,4.74,4.74,88,1.0,2.57
386,Chateau du Haut Koenigsbourg,2026-02-12,100,5.81,5.81,88,1.0,3.85
387,Chateau du Haut Koenigsbourg,2026-02-12,100,5.95,5.95,85,1.0,2.31
388,Chateau du Haut Koenigsbourg,2026-02-12,100,5.59,5.59,79,0.2,0.28
389,Chateau du Haut Koenigsbourg,2026-02-13,90,4.77,4.77,81,0.07,0.0
390,Chateau du Haut Koenigsbourg,2026-02-13,100,4.18,4.18,81,0.0,0.0
391,Chateau du Haut Koenigsbourg,2026-02-13,100,3.17,3.17,94,0.29,0.42
392,Chateau du Haut Koenigsbourg,2026-02-13,100,3.72,3.72,91,0.38,0.18
393,Chateau du Haut Koenigsbourg,2026-02-13,100,3.68,3.68,94,0.63,0.46
394,Chateau du Haut Koenigsbourg,2026-02-13,100,3.57,3.57,97,1.0,0.83
395,Chateau du Haut Koenigsbourg,2026-02-13,100,3.53,3.53,96,1.0,0.89
396,Chateau du Haut Koenigsbourg,2026-02-13,100,3.5,3.5,97,0.78,0.67
397,Chateau du Haut Koenigsbourg,2026-02-14,100,3.06,3.06,97,1.0,3.19
398,Chateau du Haut Koenigsbourg,2026-02-14,100,1.82,1.82,96,1.0,4.68
399,Chateau du Haut Koenigsbourg,2026-02-14,100,2.25,2.25,96,1.0,1.59
400,Colmar,2026-02-09,100,3.81,3.89,99,0.0,0.0
401,Colmar,2026-02-09,99,4.07,4.44,91,0.0,0.0
402,Colmar,2026-02-09,100,7.07,8.66,79,0.0,0.0
403,Colmar,2026-02-09,100,5.79,5.79,86,0.0,0.0
404,Colmar,2026-02-09,84,5.21,5.21,83,0.0,0.0
405,Colmar,2026-02-10,73,3.65,3.65,88,0.0,0.0
406,Colmar,2026-02-10,100,4.5,4.5,86,0.0,0.0
407,Colmar,2026-02-10,100,5.26,5.26,92,0.38,0.52
408,Colmar,2026-02-10,100,5.39,5.39,95,1.0,1.38
409,Colmar,2026-02-10,100,5.7,5.7,95,1.0,1.37
410,Colmar,2026-02-10,100,6.38,6.38,94,0.71,0.43
411,Colmar,2026-02-10,100,6.56,6.56,96,0.83,0.49
412,Colmar,2026-02-10,100,7.01,7.01,95,0.83,0.42
413,Colmar,2026-02-11,100,7.41,7.41,95,0.91,1.06
414,Colmar,2026-02-11,100,9.21,9.21,90,1.0,5.63
415,Colmar,2026-02-11,100,9.99,9.99,84,1.0,0.7
416,Colmar,2026-02-11,100,10.06,10.06,85,1.0,2.76
417,Colmar,2026-02-11,100,9.82,9.82,86,1.0,1.67
418,Colmar,2026-02-11,82,11.14,11.14,71,1.0,1.49
419,Colmar,2026-02-11,91,9.24,9.24,79,0.77,0.0
420,Colmar,2026-02-11,100,9.39,9.39,80,0.36,0.22
421,Colmar,2026-02-12,100,10.16,10.16,80,1.0,2.02
422,Colmar,2026-02-12,77,9.66,9.66,74,1.0,3.05
423,Colmar,2026-02-12,75,7.85,7.85,84,1.0,1.0
424,Colmar,2026-02-12,100,7.65,7.65,87,0.81,0.69
425,Colmar,2026-02-12,100,6.94,6.94,87,1.0,2.32
426,Colmar,2026-02-12,100,8.44,8.44,86,1.0,2.97
427,Colmar,2026-02-12,100,8.72,8.72,81,1.0,2.09
428,Colmar,2026-02-12,98,8.34,8.34,78,0.35,0.16
429,Colmar,2026-02-13,90,7.63,7.63,77,0.0,0.0
430,Colmar,2026-02-13,100,6.76,6.76,82,0.0,0.0
431,Colmar,2026-02-13,100,5.44,5.44,95,0.36,0.18
432,Colmar,2026-02-13,100,6.48,6.48,89,0.0,0.0
433,Colmar,2026-02-13,100,6.05,6.05,95,0.48,0.61
434,Colmar,2026-02-13,100,6.31,6.31,96,0.99,0.72
435,Colmar,2026-02-13,100,6.09,6.09,96,1.0,1.71
436,Colmar,2026-02-13,100,6.21,6.21,97,1.0,1.62
437,Colmar,2026-02-14,100,5.49,5.49,97,1.0,3.74
438,Colmar,2026-02-14,100,4.87,4.87,95,1.0,3.18
439,Colmar,2026-02-14,100,4.47,4.47,97,1.0,3.09
440,Eguisheim,2026-02-09,100,3.5,3.79,99,0.0,0.0
441,Eguisheim,2026-02-09,99,3.97,4.33,91,0.0,0.0
442,Eguisheim,2026-02-09,100,6.82,8.33,79,0.0,0.0
443,Eguisheim,2026-02-09,100,5.55,5.55,86,0.0,0.0
444,Eguisheim,2026-02-09,87,5.07,5.07,82,0.0,0.0
445,Eguisheim,2026-02-10,79,3.41,3.41,87,0.0,0.0
446,Eguisheim,2026-02-10,100,4.3,4.3,84,0.0,0.0
447,Eguisheim,2026-02-10,100,5.02,5.02,93,0.62,0.8
448,Eguisheim,2026-02-10,100,5.06,5.06,95,1.0,1.88
449,Eguisheim,2026-02-10,100,5.49,5.49,95,1.0,1.53
450,Eguisheim,2026-02-10,100,6.18,6.18,95,0.85,0.55
451,Eguisheim,2026-02-10,100,6.34,6.34,96,0.84,0.32
452,Eguisheim,2026-02-10,100,6.88,6.88,95,0.95,0.52
453,Eguisheim,2026-02-11,100,7.06,7.06,96,0.99,1.63
454,Eguisheim,2026-02-11,100,9.15,9.15,89,1.0,5.52
455,Eguisheim,2026-02-11,100,9.65,9.65,84,1.0,0.66
456,Eguisheim,2026-02-11,100,9.73,9.73,86,1.0,2.48
457,Eguisheim,2026-02-11,100,9.55,9.55,85,1.0,1.71
458,Eguisheim,2026-02-11,79,10.73,10.73,73,1.0,1.03
459,Eguisheim,2026-02-11,90,9.18,9.18,78,0.87,0.0
460,Eguisheim,2026-02-11,100,9.16,9.16,79,0.52,0.28
461,Eguisheim,2026-02-12,100,9.84,9.84,80,1.0,2.34
462,Eguisheim,2026-02-12,72,9.25,9.25,75,1.0,3.83
463,Eguisheim,2026-02-12,67,7.32,7.32,85,1.0,1.29
464,Eguisheim,2026-02-12,100,7.23,7.23,87,0.96,0.92
465,Eguisheim,2026-02-12,100,6.31,6.31,88,1.0,2.46
466,Eguisheim,2026-02-12,100,8.06,8.06,86,1.0,2.96
467,Eguisheim,2026-02-12,100,8.36,8.36,81,1.0,2.22
468,Eguisheim,2026-02-12,96,8.0,8.0,78,0.26,0.1
469,Eguisheim,2026-02-13,89,7.3,7.3,77,0.0,0.0
470,Eguisheim,2026-02-13,100,6.39,6.39,84,0.0,0.0
471,Eguisheim,2026-02-13,100,5.06,5.06,95,0.28,0.23
472,Eguisheim,2026-02-13,100,6.13,6.13,90,0.0,0.0
473,Eguisheim,2026-02-13,100,5.72,5.72,95,0.59,0.68
474,Eguisheim,2026-02-13,100,6.03,6.03,96,0.97,0.74
475,Eguisheim,2026-02-13,100,5.82,5.82,96,1.0,1.8
476,Eguisheim,2026-02-13,100,5.91,5.91,97,1.0,1.82
477,Eguisheim,2026-02-14,100,5.13,5.13,97,1.0,4.04
478,Eguisheim,2026-02-14,100,4.69,4.69,95,1.0,2.67
479,Eguisheim,2026-02-14,100,4.13,4.13,97,1.0,3.48
480,Besancon,2026-02-09,95,1.74,4.27,93,0.0,0.0
481,Besancon,2026-02-09,96,3.27,6.33,86,0.0,0.0
482,Besancon,2026-02-09,98,5.69,7.66,80,0.0,0.0
483,Besancon,2026-02-09,100,5.8,5.8,85,0.0,0.0
484,Besancon,2026-02-09,100,5.17,5.17,84,0.0,0.0
485,Besancon,2026-02-10,100,4.2,4.2,77,0.0,0.0
486,Besancon,2026-02-10,100,7.24,7.24,83,0.82,0.38
487,Besancon,2026-02-10,100,6.16,6.16,90,1.0,2.4
488,Besancon,2026-02-10,100,7.31,7.31,88,1.0,2.84
489,Besancon,2026-02-10,100,8.78,8.78,84,1.0,0.8
490,Besancon,2026-02-10,89,9.81,9.81,82,0.8,0.52
491,Besancon,2026-02-10,92,8.8,8.8,88,1.0,1.22
492,Besancon,2026-02-10,100,8.44,8.44,89,1.0,3.2
493,Besancon,2026-02-11,100,9.56,9.56,89,1.0,2.61
494,Besancon,2026-02-11,100,9.75,9.75,92,1.0,4.92
495,Besancon,2026-02-11,100,9.05,9.05,96,1.0,5.07
496,Besancon,2026-02-11,100,9.24,9.24,92,1.0,2.21
497,Besancon,2026-02-11,100,9.41,9.41,90,1.0,1.64
498,Besancon,2026-02-11,89,10.54,10.54,82,0.9,0.34
499,Besancon,2026-02-11,94,9.93,9.93,80,0.25,0.12
500,Besancon,2026-02-11,100,9.58,9.58,81,1.0,1.58
501,Besancon,2026-02-12,100,10.26,10.26,87,1.0,4.0
502,Besancon,2026-02-12,69,9.09,9.09,76,1.0,2.28
503,Besancon,2026-02-12,85,8.03,8.03,84,1.0,3.27
504,Besancon,2026-02-12,98,7.51,7.51,87,1.0,1.77
505,Besancon,2026-02-12,99,7.04,7.04,94,1.0,5.23
506,Besancon,2026-02-12,100,7.88,7.88,91,1.0,3.15
507,Besancon,2026-02-12,100,8.12,8.12,91,1.0,0.41
508,Besancon,2026-02-12,98,7.48,7.48,92,1.0,1.03
509,Besancon,2026-02-13,85,6.86,6.86,88,1.0,0.64
510,Besancon,2026-02-13,100,6.48,6.48,90,1.0,1.15
511,Besancon,2026-02-13,100,5.56,5.56,95,1.0,1.1
512,Besancon,2026-02-13,100,6.69,6.69,90,1.0,0.77
513,Besancon,2026-02-13,100,7.26,7.26,90,1.0,0.75
514,Besancon,2026-02-13,100,6.54,6.54,94,1.0,1.56
515,Besancon,2026-02-13,100,6.14,6.14,95,1.0,4.26
516,Besancon,2026-02-13,100,6.47,6.47,97,1.0,1.35
517,Besancon,2026-02-14,100,6.26,6.26,94,1.0,1.27
518,Besancon,2026-02-14,100,5.16,5.16,93,0.26,0.21
519,Besancon,2026-02-14,100,4.47,4.47,97,1.0,1.11
520,Dijon,2026-02-09,100,1.8,4.35,100,0.0,0.0
521,Dijon,2026-02-09,99,3.56,7.09,92,0.0,0.0
522,Dijon,2026-02-09,100,6.34,8.61,85,0.0,0.0
523,Dijon,2026-02-09,100,5.96,5.96,91,0.0,0.0
524,Dijon,2026-02-09,100,4.62,4.62,93,0.0,0.0
525,Dijon,2026-02-10,100,4.87,4.87,94,0.53,0.62
526,Dijon,2026-02-10,100,5.96,5.96,97,1.0,4.32
527,Dijon,2026-02-10,100,6.6,6.6,97,1.0,4.28
528,Dijon,2026-02-10,100,6.75,6.75,97,1.0,2.48
529,Dijon,2026-02-10,100,7.35,7.35,96,1.0,1.17
530,Dijon,2026-02-10,100,8.3,8.3,93,0.2,0.13
531,Dijon,2026-02-10,100,7.84,7.84,97,1.0,2.07
532,Dijon,2026-02-10,100,7.95,7.95,96,1.0,6.11
533,Dijon,2026-02-11,100,10.66,10.66,87,1.0,5.61
534,Dijon,2026-02-11,100,9.79,9.79,83,0.75,0.5
535,Dijon,2026-02-11,100,9.95,9.95,89,1.0,1.61
536,Dijon,2026-02-11,99,10.33,10.33,87,0.21,0.27
537,Dijon,2026-02-11,100,9.76,9.76,83,0.26,0.18
538,Dijon,2026-02-11,99,11.02,11.02,80,0.34,0.24
539,Dijon,2026-02-11,100,9.54,9.54,90,1.0,1.23
540,Dijon,2026-02-11,100,9.42,9.42,93,1.0,4.2
541,Dijon,2026-02-12,90,10.61,10.61,79,1.0,8.96
542,Dijon,2026-02-12,72,8.3,8.3,82,0.2,0.17
543,Dijon,2026-02-12,86,7.62,7.62,87,1.0,0.86
544,Dijon,2026-02-12,98,6.58,6.58,88,1.0,1.84
545,Dijon,2026-02-12,99,8.25,8.25,87,1.0,2.95
546,Dijon,2026-02-12,100,8.84,8.84,81,1.0,0.45
547,Dijon,2026-02-12,96,8.13,8.13,85,1.0,0.36
548,Dijon,2026-02-12,71,7.32,7.32,85,0.37,0.22
549,Dijon,2026-02-13,85,6.78,6.78,85,0.0,0.0
550,Dijon,2026-02-13,100,6.06,6.06,90,1.0,1.28
551,Dijon,2026-02-13,100,4.43,4.43,97,1.0,2.34
552,Dijon,2026-02-13,100,6.81,6.81,95,0.0,0.0
553,Dijon,2026-02-13,100,7.81,7.81,91,0.21,0.45
554,Dijon,2026-02-13,100,7.55,7.55,93,0.94,0.56
555,Dijon,2026-02-13,100,6.37,6.37,96,1.0,0.45
556,Dijon,2026-02-13,100,6.16,6.16,93,1.0,2.53
557,Dijon,2026-02-14,99,6.03,6.03,82,0.8,0.0
558,Dijon,2026-02-14,91,4.42,4.42,95,0.98,0.87
559,Dijon,2026-02-14,96,4.5,4.5,95,1.0,2.37
560,Annecy,2026-02-09,100,3.08,3.67,87,0.0,0.0
561,Annecy,2026-02-09,99,4.32,6.79,77,0.0,0.0
562,Annecy,2026-02-09,94,6.25,7.83,68,0.0,0.0
563,Annecy,2026-02-09,96,4.98,4.98,78,0.0,0.0
564,Annecy,2026-02-09,99,4.63,4.63,81,0.0,0.0
565,Annecy,2026-02-10,97,3.4,3.4,82,0.0,0.0
566,Annecy,2026-02-10,100,4.66,4.66,78,0.0,0.0
567,Annecy,2026-02-10,100,3.16,3.16,98,1.0,0.0
568,Annecy,2026-02-10,100,4.33,4.33,96,1.0,4.15
569,Annecy,2026-02-10,100,5.21,5.21,95,1.0,1.02
570,Annecy,2026-02-10,100,6.58,6.58,96,0.2,0.11
571,Annecy,2026-02-10,100,6.21,6.21,97,0.79,0.75
572,Annecy,2026-02-10,100,6.38,6.38,96,1.0,5.61
573,Annecy,2026-02-11,100,5.16,5.16,98,1.0,9.54
574,Annecy,2026-02-11,100,6.5,6.5,98,1.0,7.84
575,Annecy,2026-02-11,100,6.71,6.71,98,1.0,11.34
576,Annecy,2026-02-11,100,6.5,6.5,98,1.0,8.25
577,Annecy,2026-02-11,100,6.75,6.75,96,1.0,4.18
578,Annecy,2026-02-11,100,7.3,7.3,95,0.0,0.0
579,Annecy,2026-02-11,99,6.45,6.45,93,0.04,0.0
580,Annecy,2026-02-11,100,6.32,6.32,93,1.0,2.75
581,Annecy,2026-02-12,100,5.97,5.97,96,1.0,2.08
582,Annecy,2026-02-12,100,6.79,6.79,90,1.0,6.15
583,Annecy,2026-02-12,100,5.74,5.74,93,1.0,2.31
584,Annecy,2026-02-12,100,4.37,4.37,98,1.0,8.31
585,Annecy,2026-02-12,100,4.54,4.54,98,1.0,6.2
586,Annecy,2026-02-12,100,5.77,5.77,98,1.0,4.04
587,Annecy,2026-02-12,100,4.79,4.79,98,1.0,6.1
588,Annecy,2026-02-12,100,3.88,3.88,99,1.0,6.12
589,Annecy,2026-02-13,99,5.13,5.13,98,1.0,1.47
590,Annecy,2026-02-13,100,4.59,4.59,98,0.28,0.2
591,Annecy,2026-02-13,100,4.47,4.47,95,1.0,2.1
592,Annecy,2026-02-13,100,4.97,4.97,95,1.0,0.62
593,Annecy,2026-02-13,100,5.75,5.75,96,1.0,0.85
594,Annecy,2026-02-13,100,5.4,5.4,98,1.0,1.54
595,Annecy,2026-02-13,100,5.04,5.04,99,1.0,1.02
596,Annecy,2026-02-13,100,5.19,5.19,100,1.0,2.84
597,Annecy,2026-02-14,100,4.68,4.68,99,1.0,4.1
598,Annecy,2026-02-14,100,4.49,4.49,98,1.0,1.95
599,Annecy,2026-02-14,100,3.36,3.36,98,0.8,0.0
600,Grenoble,2026-02-09,85,5.43,5.57,83,0.0,0.0
601,Grenoble,2026-02-09,79,7.56,11.81,72,0.0,0.0
602,Grenoble,2026-02-09,95,9.64,11.75,66,0.0,0.0
603,Grenoble,2026-02-09,98,7.2,7.2,83,0.0,0.0
604,Grenoble,2026-02-09,98,6.03,6.03,82,0.0,0.0
605,Grenoble,2026-02-10,97,5.37,5.37,78,0.0,0.0
606,Grenoble,2026-02-10,100,7.04,7.04,78,0.0,0.0
607,Grenoble,2026-02-10,100,6.05,6.05,97,1.0,3.68
608,Grenoble,2026-02-10,100,6.64,6.64,96,1.0,4.16
609,Grenoble,2026-02-10,100,8.22,8.22,92,1.0,0.5
610,Grenoble,2026-02-10,100,10.01,10.01,89,0.0,0.0
611,Grenoble,2026-02-10,100,8.24,8.24,97,1.0,3.74
612,Grenoble,2026-02-10,100,7.89,7.89,97,1.0,7.91
613,Grenoble,2026-02-11,100,8.27,8.27,95,1.0,3.66
614,Grenoble,2026-02-11,100,8.54,8.54,99,1.0,3.83
615,Grenoble,2026-02-11,100,8.13,8.13,98,1.0,7.0
616,Grenoble,2026-02-11,100,7.52,7.52,98,1.0,8.01
617,Grenoble,2026-02-11,98,10.23,10.23,89,1.0,1.62
618,Grenoble,2026-02-11,95,12.73,12.73,79,0.25,0.19
619,Grenoble,2026-02-11,98,9.16,9.16,92,0.59,0.41
620,Grenoble,2026-02-11,100,8.5,8.5,94,1.0,3.61
621,Grenoble,2026-02-12,100,8.98,8.98,93,1.0,1.42
622,Grenoble,2026-02-12,100,8.21,8.21,92,1.0,2.08
623,Grenoble,2026-02-12,100,7.54,7.54,93,1.0,0.94
624,Grenoble,2026-02-12,100,5.73,5.73,99,1.0,9.14
625,Grenoble,2026-02-12,100,7.24,7.24,98,1.0,7.7
626,Grenoble,2026-02-12,99,8.6,8.6,93,1.0,1.31
627,Grenoble,2026-02-12,100,4.67,4.67,100,1.0,0.0
628,Grenoble,2026-02-12,100,5.25,5.25,100,1.0,13.38
629,Grenoble,2026-02-13,100,5.59,5.59,100,1.0,1.57
630,Grenoble,2026-02-13,97,5.08,5.08,98,0.0,0.0
631,Grenoble,2026-02-13,99,5.19,5.19,98,0.2,0.33
632,Grenoble,2026-02-13,100,6.05,6.05,99,1.0,1.2
633,Grenoble,2026-02-13,100,8.33,8.33,97,1.0,0.28
634,Grenoble,2026-02-13,100,7.98,7.98,98,0.9,0.55
635,Grenoble,2026-02-13,100,6.86,6.86,100,1.0,1.01
636,Grenoble,2026-02-13,100,5.72,5.72,100,1.0,4.24
637,Grenoble,2026-02-14,100,5.27,5.27,100,1.0,4.54
638,Grenoble,2026-02-14,100,4.97,4.97,100,1.0,1.83
639,Grenoble,2026-02-14,100,4.59,4.59,100,1.0,0.0
640,Lyon,2026-02-09,90,2.71,3.47,99,0.0,0.0
641,Lyon,2026-02-09,91,4.98,9.52,89,0.0,0.0
642,Lyon,2026-02-09,97,8.05,10.72,73,0.0,0.0
643,Lyon,2026-02-09,99,8.18,8.18,76,0.0,0.0
644,Lyon,2026-02-09,91,7.22,7.22,82,0.0,0.0
645,Lyon,2026-02-10,95,7.37,7.37,77,0.0,0.0
646,Lyon,2026-02-10,100,7.36,7.36,89,1.0,3.07
647,Lyon,2026-02-10,100,7.35,7.35,88,1.0,1.12
648,Lyon,2026-02-10,100,7.69,7.69,88,0.2,0.12
649,Lyon,2026-02-10,100,8.68,8.68,84,0.0,0.0
650,Lyon,2026-02-10,100,9.71,9.71,85,0.26,0.17
651,Lyon,2026-02-10,100,8.65,8.65,91,1.0,3.66
652,Lyon,2026-02-10,100,8.44,8.44,94,1.0,9.04
653,Lyon,2026-02-11,100,9.51,9.51,90,1.0,1.22
654,Lyon,2026-02-11,100,9.64,9.64,88,1.0,0.67
655,Lyon,2026-02-11,96,8.74,8.74,92,1.0,0.21
656,Lyon,2026-02-11,100,9.84,9.84,87,1.0,0.97
657,Lyon,2026-02-11,79,14.54,14.54,58,1.0,0.52
658,Lyon,2026-02-11,100,14.39,14.39,61,0.27,0.16
659,Lyon,2026-02-11,100,10.7,10.7,88,1.0,3.41
660,Lyon,2026-02-11,100,10.6,10.6,89,1.0,7.84
661,Lyon,2026-02-12,100,11.38,11.38,85,1.0,2.02
662,Lyon,2026-02-12,19,10.16,10.16,68,0.67,0.47
663,Lyon,2026-02-12,58,8.4,8.4,77,1.0,0.48
664,Lyon,2026-02-12,100,8.45,8.45,86,1.0,4.39
665,Lyon,2026-02-12,99,11.11,11.11,68,1.0,1.27
666,Lyon,2026-02-12,100,9.69,9.69,75,0.83,0.46
667,Lyon,2026-02-12,100,9.4,9.4,83,1.0,4.21
668,Lyon,2026-02-12,84,8.55,8.55,75,0.86,0.63
669,Lyon,2026-02-13,76,7.0,7.0,85,0.62,0.0
670,Lyon,2026-02-13,100,7.23,7.23,87,1.0,1.8
671,Lyon,2026-02-13,100,7.98,7.98,79,1.0,0.21
672,Lyon,2026-02-13,100,8.24,8.24,77,0.15,0.0
673,Lyon,2026-02-13,100,8.37,8.37,86,1.0,2.15
674,Lyon,2026-02-13,100,8.56,8.56,88,1.0,1.0
675,Lyon,2026-02-13,100,8.06,8.06,86,1.0,1.42
676,Lyon,2026-02-13,100,7.63,7.63,81,0.4,0.26
677,Lyon,2026-02-14,100,7.37,7.37,69,0.21,0.0
678,Lyon,2026-02-14,99,6.48,6.48,78,0.0,0.0
679,Lyon,2026-02-14,96,5.33,5.33,90,0.36,0.33
680,Gorges du Verdon,2026-02-09,93,3.31,4.57,83,0.0,0.0
681,Gorges du Verdon,2026-02-09,89,4.73,7.57,78,0.0,0.0
682,Gorges du Verdon,2026-02-09,98,5.46,6.54,73,0.33,0.25
683,Gorges du Verdon,2026-02-09,100,2.79,2.79,90,0.0,0.0
684,Gorges du Verdon,2026-02-09,44,1.53,1.53,92,0.0,0.0
685,Gorges du Verdon,2026-02-10,71,1.08,1.08,91,0.0,0.0
686,Gorges du Verdon,2026-02-10,99,1.07,1.07,87,0.0,0.0
687,Gorges du Verdon,2026-02-10,100,2.15,2.15,82,0.0,0.0
688,Gorges du Verdon,2026-02-10,98,4.65,4.65,75,0.01,0.0
689,Gorges du Verdon,2026-02-10,80,8.36,8.36,63,0.0,0.0
690,Gorges du Verdon,2026-02-10,92,7.4,7.4,69,0.0,0.0
691,Gorges du Verdon,2026-02-10,96,4.75,4.75,91,0.5,0.6
692,Gorges du Verdon,2026-02-10,100,4.57,4.57,94,1.0,1.36
693,Gorges du Verdon,2026-02-11,100,4.66,4.66,98,1.0,2.93
694,Gorges du Verdon,2026-02-11,99,4.45,4.45,97,1.0,1.0
695,Gorges du Verdon,2026-02-11,93,4.44,4.44,98,1.0,1.26
696,Gorges du Verdon,2026-02-11,77,5.41,5.41,94,0.98,0.82
697,Gorges du Verdon,2026-02-11,69,8.45,8.45,72,0.74,0.0
698,Gorges du Verdon,2026-02-11,2,8.87,8.87,68,0.0,0.0
699,Gorges du Verdon,2026-02-11,51,4.16,4.16,93,0.0,0.0
700,Gorges du Verdon,2026-02-11,100,5.86,5.86,89,0.0,0.0
701,Gorges du Verdon,2026-02-12,100,5.79,5.79,91,0.3,0.33
702,Gorges du Verdon,2026-02-12,100,5.22,5.22,92,1.0,3.39
703,Gorges du Verdon,2026-02-12,91,3.49,3.49,89,0.8,0.0
704,Gorges du Verdon,2026-02-12,99,2.58,2.58,96,0.96,0.72
705,Gorges du Verdon,2026-02-12,94,5.44,5.44,80,0.79,0.32
706,Gorges du Verdon,2026-02-12,39,5.81,5.81,77,0.29,0.13
707,Gorges du Verdon,2026-02-12,53,2.51,2.51,99,1.0,2.3
708,Gorges du Verdon,2026-02-12,79,3.55,3.55,85,0.12,0.0
709,Gorges du Verdon,2026-02-13,54,2.09,2.09,89,0.02,0.0
710,Gorges du Verdon,2026-02-13,48,1.0,1.0,93,0.0,0.0
711,Gorges du Verdon,2026-02-13,63,0.35,0.35,91,0.0,0.0
712,Gorges du Verdon,2026-02-13,99,5.18,5.18,72,0.0,0.0
713,Gorges du Verdon,2026-02-13,87,7.81,7.81,63,0.0,0.0
714,Gorges du Verdon,2026-02-13,100,6.85,6.85,68,0.0,0.0
715,Gorges du Verdon,2026-02-13,100,4.16,4.16,87,0.2,0.14
716,Gorges du Verdon,2026-02-13,100,2.93,2.93,96,1.0,2.42
717,Gorges du Verdon,2026-02-14,100,2.89,2.89,98,1.0,1.13
718,Gorges du Verdon,2026-02-14,100,2.45,2.45,93,0.0,0.0
719,Gorges du Verdon,2026-02-14,100,0.66,0.66,95,0.0,0.0
720,Bormes les Mimosas,2026-02-09,0,8.57,9.99,85,0.11,0.0
721,Bormes les Mimosas,2026-02-09,24,9.6,11.67,80,0.01,0.0
722,Bormes les Mimosas,2026-02-09,53,10.99,12.2,69,0.0,0.0
723,Bormes les Mimosas,2026-02-09,86,9.7,9.7,73,0.0,0.0
724,Bormes les Mimosas,2026-02-09,54,8.9,8.9,79,0.0,0.0
725,Bormes les Mimosas,2026-02-10,70,8.23,8.23,83,0.0,0.0
726,Bormes les Mimosas,2026-02-10,95,8.23,8.23,85,0.0,0.0
727,Bormes les Mimosas,2026-02-10,98,8.97,8.97,82,0.39,0.29
728,Bormes les Mimosas,2026-02-10,94,10.14,10.14,78,0.0,0.0
729,Bormes les Mimosas,2026-02-10,85,12.0,12.0,71,0.0,0.0
730,Bormes les Mimosas,2026-02-10,94,11.49,11.49,76,0.0,0.0
731,Bormes les Mimosas,2026-02-10,97,10.08,10.08,87,0.42,0.5
732,Bormes les Mimosas,2026-02-10,100,10.14,10.14,94,1.0,1.27
733,Bormes les Mimosas,2026-02-11,100,10.79,10.79,94,1.0,0.92
734,Bormes les Mimosas,2026-02-11,100,11.95,11.95,81,0.2,0.15
735,Bormes les Mimosas,2026-02-11,83,11.53,11.53,76,0.0,0.0
736,Bormes les Mimosas,2026-02-11,1,12.96,12.96,71,0.0,0.0
737,Bormes les Mimosas,2026-02-11,1,15.14,15.14,60,0.0,0.0
738,Bormes les Mimosas,2026-02-11,50,14.9,14.9,62,0.0,0.0
739,Bormes les Mimosas,2026-02-11,75,12.99,12.99,72,0.0,0.0
740,Bormes les Mimosas,2026-02-11,100,12.18,12.18,82,0.0,0.0
741,Bormes les Mimosas,2026-02-12,100,11.92,11.92,86,0.0,0.0
742,Bormes les Mimosas,2026-02-12,96,10.8,10.8,88,1.0,5.19
743,Bormes les Mimosas,2026-02-12,99,10.47,10.47,66,0.8,0.0
744,Bormes les Mimosas,2026-02-12,91,10.9,10.9,70,0.21,0.17
745,Bormes les Mimosas,2026-02-12,66,13.45,13.45,58,0.0,0.0
746,Bormes les Mimosas,2026-02-12,57,11.56,11.56,71,0.0,0.0
747,Bormes les Mimosas,2026-02-12,54,10.83,10.83,70,0.0,0.0
748,Bormes les Mimosas,2026-02-12,14,10.28,10.28,71,0.0,0.0
749,Bormes les Mimosas,2026-02-13,18,10.01,10.01,65,0.0,0.0
750,Bormes les Mimosas,2026-02-13,67,9.84,9.84,61,0.0,0.0
751,Bormes les Mimosas,2026-02-13,83,10.32,10.32,58,0.0,0.0
752,Bormes les Mimosas,2026-02-13,100,11.12,11.12,61,0.0,0.0
753,Bormes les Mimosas,2026-02-13,96,12.81,12.81,56,0.0,0.0
754,Bormes les Mimosas,2026-02-13,91,12.68,12.68,59,0.0,0.0
755,Bormes les Mimosas,2026-02-13,95,10.64,10.64,68,0.0,0.0
756,Bormes les Mimosas,2026-02-13,100,9.27,9.27,81,0.36,0.19
757,Bormes les Mimosas,2026-02-14,100,9.23,9.23,69,0.6,0.46
758,Bormes les Mimosas,2026-02-14,100,8.37,8.37,62,0.0,0.0
759,Bormes les Mimosas,2026-02-14,99,7.72,7.72,62,0.0,0.0
760,Cassis,2026-02-09,89,8.49,9.78,93,0.0,0.0
761,Cassis,2026-02-09,87,9.46,11.39,84,0.0,0.0
762,Cassis,2026-02-09,96,10.54,11.57,73,0.0,0.0
763,Cassis,2026-02-09,91,10.73,10.73,72,0.0,0.0
764,Cassis,2026-02-09,50,10.37,10.37,76,0.0,0.0
765,Cassis,2026-02-10,75,10.01,10.01,80,0.0,0.0
766,Cassis,2026-02-10,100,10.28,10.28,80,0.0,0.0
767,Cassis,2026-02-10,100,10.29,10.29,80,0.0,0.0
768,Cassis,2026-02-10,100,11.17,11.17,76,0.0,0.0
769,Cassis,2026-02-10,87,12.31,12.31,75,0.0,0.0
770,Cassis,2026-02-10,100,11.99,11.99,77,0.0,0.0
771,Cassis,2026-02-10,100,10.69,10.69,93,1.0,4.12
772,Cassis,2026-02-10,100,11.14,11.14,94,1.0,4.43
773,Cassis,2026-02-11,100,11.76,11.76,90,1.0,1.47
774,Cassis,2026-02-11,77,12.25,12.25,82,0.0,0.0
775,Cassis,2026-02-11,86,12.64,12.64,76,0.0,0.0
776,Cassis,2026-02-11,21,13.24,13.24,75,0.0,0.0
777,Cassis,2026-02-11,15,14.86,14.86,65,0.0,0.0
778,Cassis,2026-02-11,80,14.65,14.65,68,0.0,0.0
779,Cassis,2026-02-11,90,13.62,13.62,79,0.0,0.0
780,Cassis,2026-02-11,100,12.9,12.9,87,0.0,0.0
781,Cassis,2026-02-12,100,12.42,12.42,87,0.75,0.86
782,Cassis,2026-02-12,100,12.11,12.11,82,1.0,3.56
783,Cassis,2026-02-12,73,11.4,11.4,68,0.8,0.0
784,Cassis,2026-02-12,100,11.39,11.39,74,0.83,0.37
785,Cassis,2026-02-12,87,12.51,12.51,69,0.37,0.13
786,Cassis,2026-02-12,97,11.45,11.45,77,1.0,2.1
787,Cassis,2026-02-12,96,11.59,11.59,73,0.8,0.0
788,Cassis,2026-02-12,57,11.09,11.09,69,0.0,0.0
789,Cassis,2026-02-13,31,10.1,10.1,67,0.0,0.0
790,Cassis,2026-02-13,93,9.66,9.66,68,0.0,0.0
791,Cassis,2026-02-13,97,9.97,9.97,63,0.0,0.0
792,Cassis,2026-02-13,100,10.71,10.71,59,0.0,0.0
793,Cassis,2026-02-13,99,12.34,12.34,54,0.0,0.0
794,Cassis,2026-02-13,100,12.16,12.16,62,0.0,0.0
795,Cassis,2026-02-13,100,10.05,10.05,82,0.0,0.0
796,Cassis,2026-02-13,100,9.67,9.67,83,1.0,0.88
797,Cassis,2026-02-14,100,9.62,9.62,74,0.76,0.0
798,Cassis,2026-02-14,100,8.84,8.84,66,0.0,0.0
799,Cassis,2026-02-14,100,7.95,7.95,67,0.0,0.0
800,Marseille,2026-02-09,0,8.63,10.32,93,0.0,0.0
801,Marseille,2026-02-09,28,9.78,12.07,83,0.0,0.0
802,Marseille,2026-02-09,66,11.13,12.38,73,0.0,0.0
803,Marseille,2026-02-09,87,11.93,11.93,70,0.0,0.0
804,Marseille,2026-02-09,48,11.62,11.62,74,0.0,0.0
805,Marseille,2026-02-10,74,11.36,11.36,78,0.0,0.0
806,Marseille,2026-02-10,99,11.29,11.29,78,0.2,0.1
807,Marseille,2026-02-10,100,11.21,11.21,77,0.0,0.0
808,Marseille,2026-02-10,93,11.94,11.94,75,0.0,0.0
809,Marseille,2026-02-10,85,13.17,13.17,75,0.0,0.0
810,Marseille,2026-02-10,100,12.87,12.87,78,0.0,0.0
811,Marseille,2026-02-10,100,11.81,11.81,93,1.0,5.17
812,Marseille,2026-02-10,100,12.09,12.09,92,1.0,5.1
813,Marseille,2026-02-11,100,12.78,12.78,89,1.0,1.28
814,Marseille,2026-02-11,79,13.2,13.2,79,0.0,0.0
815,Marseille,2026-02-11,89,13.45,13.45,75,0.0,0.0
816,Marseille,2026-02-11,34,13.95,13.95,73,0.0,0.0
817,Marseille,2026-02-11,21,15.78,15.78,63,0.0,0.0
818,Marseille,2026-02-11,99,15.46,15.46,67,0.0,0.0
819,Marseille,2026-02-11,99,14.62,14.62,77,0.0,0.0
820,Marseille,2026-02-11,100,13.81,13.81,85,0.26,0.11
821,Marseille,2026-02-12,100,13.21,13.21,89,1.0,1.75
822,Marseille,2026-02-12,96,12.6,12.6,83,1.0,2.8
823,Marseille,2026-02-12,69,12.43,12.43,66,1.0,0.12
824,Marseille,2026-02-12,100,12.44,12.44,72,0.31,0.22
825,Marseille,2026-02-12,90,13.42,13.42,67,0.2,0.14
826,Marseille,2026-02-12,97,12.57,12.57,74,1.0,2.08
827,Marseille,2026-02-12,97,12.42,12.42,72,1.0,0.1
828,Marseille,2026-02-12,62,11.98,11.98,66,0.0,0.0
829,Marseille,2026-02-13,44,11.14,11.14,65,0.0,0.0
830,Marseille,2026-02-13,100,10.71,10.71,66,0.0,0.0
831,Marseille,2026-02-13,100,10.83,10.83,62,0.0,0.0
832,Marseille,2026-02-13,100,11.25,11.25,59,0.0,0.0
833,Marseille,2026-02-13,100,12.89,12.89,53,0.0,0.0
834,Marseille,2026-02-13,100,12.65,12.65,65,0.0,0.0
835,Marseille,2026-02-13,100,10.87,10.87,80,0.25,0.13
836,Marseille,2026-02-13,100,10.54,10.54,80,1.0,1.02
837,Marseille,2026-02-14,100,10.57,10.57,70,0.77,0.0
838,Marseille,2026-02-14,100,9.64,9.64,66,0.0,0.0
839,Marseille,2026-02-14,94,8.89,8.89,67,0.0,0.0
840,Aix en Provence,2026-02-09,71,6.15,8.38,96,0.0,0.0
841,Aix en Provence,2026-02-09,71,7.99,11.66,84,0.0,0.0
842,Aix en Provence,2026-02-09,90,9.75,11.55,72,0.0,0.0
843,Aix en Provence,2026-02-09,88,9.37,9.37,75,0.0,0.0
844,Aix en Provence,2026-02-09,51,8.28,8.28,86,0.0,0.0
845,Aix en Provence,2026-02-10,73,7.35,7.35,89,0.0,0.0
846,Aix en Provence,2026-02-10,100,7.07,7.07,87,0.0,0.0
847,Aix en Provence,2026-02-10,100,7.45,7.45,82,0.0,0.0
848,Aix en Provence,2026-02-10,73,9.47,9.47,72,0.0,0.0
849,Aix en Provence,2026-02-10,60,12.79,12.79,64,0.0,0.0
850,Aix en Provence,2026-02-10,99,12.1,12.1,73,0.0,0.0
851,Aix en Provence,2026-02-10,100,10.23,10.23,92,1.0,4.17
852,Aix en Provence,2026-02-10,100,10.35,10.35,97,1.0,5.65
853,Aix en Provence,2026-02-11,100,10.36,10.36,98,1.0,2.18
854,Aix en Provence,2026-02-11,100,10.32,10.32,92,0.0,0.0
855,Aix en Provence,2026-02-11,100,10.08,10.08,86,0.0,0.0
856,Aix en Provence,2026-02-11,94,11.03,11.03,83,0.0,0.0
857,Aix en Provence,2026-02-11,59,14.55,14.55,61,0.0,0.0
858,Aix en Provence,2026-02-11,100,14.47,14.47,62,0.0,0.0
859,Aix en Provence,2026-02-11,100,12.89,12.89,76,0.0,0.0
860,Aix en Provence,2026-02-11,100,11.78,11.78,86,0.48,0.24
861,Aix en Provence,2026-02-12,100,11.02,11.02,97,1.0,2.94
862,Aix en Provence,2026-02-12,82,10.22,10.22,84,1.0,2.67
863,Aix en Provence,2026-02-12,73,9.48,9.48,71,0.8,0.0
864,Aix en Provence,2026-02-12,100,9.91,9.91,76,0.0,0.0
865,Aix en Provence,2026-02-12,84,13.19,13.19,56,0.2,0.12
866,Aix en Provence,2026-02-12,100,10.27,10.27,82,1.0,1.39
867,Aix en Provence,2026-02-12,99,9.93,9.93,74,1.0,0.62
868,Aix en Provence,2026-02-12,47,9.53,9.53,71,0.0,0.0
869,Aix en Provence,2026-02-13,50,8.01,8.01,75,0.0,0.0
870,Aix en Provence,2026-02-13,84,7.1,7.1,77,0.0,0.0
871,Aix en Provence,2026-02-13,92,7.35,7.35,71,0.0,0.0
872,Aix en Provence,2026-02-13,100,9.04,9.04,63,0.0,0.0
873,Aix en Provence,2026-02-13,100,12.14,12.14,54,0.0,0.0
874,Aix en Provence,2026-02-13,100,11.3,11.3,63,0.0,0.0
875,Aix en Provence,2026-02-13,100,8.94,8.94,85,0.48,0.49
876,Aix en Provence,2026-02-13,100,8.78,8.78,83,0.98,0.9
877,Aix en Provence,2026-02-14,100,8.21,8.21,76,0.69,0.0
878,Aix en Provence,2026-02-14,100,7.1,7.1,66,0.0,0.0
879,Aix en Provence,2026-02-14,91,6.5,6.5,67,0.0,0.0
880,Avignon,2026-02-09,100,5.58,7.84,99,0.0,0.0
881,Avignon,2026-02-09,89,7.69,11.91,87,0.0,0.0
882,Avignon,2026-02-09,100,10.1,12.36,75,0.0,0.0
883,Avignon,2026-02-09,88,9.04,9.04,78,0.0,0.0
884,Avignon,2026-02-09,89,7.6,7.6,87,0.0,0.0
885,Avignon,2026-02-10,94,7.58,7.58,88,0.0,0.0
886,Avignon,2026-02-10,100,8.03,8.03,88,0.0,0.0
887,Avignon,2026-02-10,100,8.04,8.04,88,0.98,1.7
888,Avignon,2026-02-10,97,10.25,10.25,74,0.0,0.0
889,Avignon,2026-02-10,97,13.03,13.03,69,0.0,0.0
890,Avignon,2026-02-10,100,11.62,11.62,88,1.0,0.86
891,Avignon,2026-02-10,100,10.31,10.31,97,1.0,5.32
892,Avignon,2026-02-10,100,10.43,10.43,98,1.0,4.13
893,Avignon,2026-02-11,100,10.76,10.76,96,1.0,0.29
894,Avignon,2026-02-11,100,9.56,9.56,94,0.03,0.0
895,Avignon,2026-02-11,94,10.41,10.41,85,0.01,0.0
896,Avignon,2026-02-11,89,11.95,11.95,80,0.2,0.12
897,Avignon,2026-02-11,93,13.8,13.8,72,0.0,0.0
898,Avignon,2026-02-11,100,15.71,15.71,63,0.0,0.0
899,Avignon,2026-02-11,100,13.08,13.08,79,0.0,0.0
900,Avignon,2026-02-11,100,11.9,11.9,92,1.0,0.91
901,Avignon,2026-02-12,100,11.5,11.5,97,1.0,1.03
902,Avignon,2026-02-12,92,10.79,10.79,84,1.0,1.98
903,Avignon,2026-02-12,96,10.07,10.07,72,0.8,0.0
904,Avignon,2026-02-12,100,12.39,12.39,63,0.0,0.0
905,Avignon,2026-02-12,97,14.0,14.0,56,0.0,0.0
906,Avignon,2026-02-12,100,11.86,11.86,71,0.61,0.36
907,Avignon,2026-02-12,99,10.85,10.85,75,0.78,0.59
908,Avignon,2026-02-12,86,9.82,9.82,72,0.0,0.0
909,Avignon,2026-02-13,76,8.11,8.11,73,0.0,0.0
910,Avignon,2026-02-13,77,8.68,8.68,72,0.0,0.0
911,Avignon,2026-02-13,89,8.24,8.24,72,0.0,0.0
912,Avignon,2026-02-13,97,9.97,9.97,65,0.0,0.0
913,Avignon,2026-02-13,99,10.73,10.73,70,0.2,0.12
914,Avignon,2026-02-13,100,10.83,10.83,76,0.01,0.0
915,Avignon,2026-02-13,100,9.73,9.73,81,0.0,0.0
916,Avignon,2026-02-13,100,9.07,9.07,82,0.0,0.0
917,Avignon,2026-02-14,100,8.67,8.67,70,0.0,0.0
918,Avignon,2026-02-14,100,6.9,6.9,70,0.0,0.0
919,Avignon,2026-02-14,78,6.33,6.33,70,0.0,0.0
920,Uzes,2026-02-09,71,3.45,7.78,81,0.0,0.0
921,Uzes,2026-02-09,76,6.07,11.3,77,0.0,0.0
922,Uzes,2026-02-09,90,8.68,11.29,74,0.0,0.0
923,Uzes,2026-02-09,91,7.86,7.86,86,0.0,0.0
924,Uzes,2026-02-09,86,6.69,6.69,91,0.0,0.0
925,Uzes,2026-02-10,93,6.42,6.42,91,0.0,0.0
926,Uzes,2026-02-10,100,7.15,7.15,94,1.0,0.78
927,Uzes,2026-02-10,100,7.46,7.46,97,1.0,2.36
928,Uzes,2026-02-10,100,9.12,9.12,87,0.0,0.0
929,Uzes,2026-02-10,99,10.82,10.82,85,0.2,0.17
930,Uzes,2026-02-10,100,9.72,9.72,98,1.0,1.74
931,Uzes,2026-02-10,100,9.45,9.45,99,1.0,2.76
932,Uzes,2026-02-10,100,9.5,9.5,99,1.0,4.07
933,Uzes,2026-02-11,99,9.48,9.48,99,1.0,0.17
934,Uzes,2026-02-11,99,8.88,8.88,92,0.0,0.0
935,Uzes,2026-02-11,93,10.32,10.32,84,0.0,0.0
936,Uzes,2026-02-11,100,12.6,12.6,78,0.0,0.0
937,Uzes,2026-02-11,95,15.16,15.16,65,0.0,0.0
938,Uzes,2026-02-11,100,15.55,15.55,65,0.0,0.0
939,Uzes,2026-02-11,100,12.12,12.12,82,0.0,0.0
940,Uzes,2026-02-11,100,11.03,11.03,95,1.0,0.9
941,Uzes,2026-02-12,100,10.99,10.99,96,1.0,0.88
942,Uzes,2026-02-12,94,9.7,9.7,81,1.0,1.64
943,Uzes,2026-02-12,91,8.63,8.63,76,0.8,0.0
944,Uzes,2026-02-12,98,11.67,11.67,67,0.06,0.0
945,Uzes,2026-02-12,93,13.16,13.16,61,0.0,0.0
946,Uzes,2026-02-12,100,11.42,11.42,71,0.2,0.1
947,Uzes,2026-02-12,99,10.7,10.7,71,0.2,0.17
948,Uzes,2026-02-12,59,8.98,8.98,76,0.0,0.0
949,Uzes,2026-02-13,50,7.3,7.3,71,0.0,0.0
950,Uzes,2026-02-13,94,7.96,7.96,69,0.0,0.0
951,Uzes,2026-02-13,97,7.75,7.75,74,0.0,0.0
952,Uzes,2026-02-13,100,8.85,8.85,74,0.0,0.0
953,Uzes,2026-02-13,100,9.63,9.63,81,0.2,0.41
954,Uzes,2026-02-13,100,9.91,9.91,82,0.2,0.1
955,Uzes,2026-02-13,100,8.24,8.24,85,0.0,0.0
956,Uzes,2026-02-13,100,7.49,7.49,85,0.0,0.0
957,Uzes,2026-02-14,100,6.57,6.57,77,0.0,0.0
958,Uzes,2026-02-14,84,6.12,6.12,72,0.0,0.0
959,Uzes,2026-02-14,64,5.89,5.89,72,0.0,0.0
960,Nimes,2026-02-09,0,6.22,8.23,100,0.0,0.0
961,Nimes,2026-02-09,25,8.06,11.75,89,0.0,0.0
962,Nimes,2026-02-09,67,10.21,12.2,76,0.0,0.0
963,Nimes,2026-02-09,85,8.43,8.43,86,0.0,0.0
964,Nimes,2026-02-09,87,7.42,7.42,87,0.0,0.0
965,Nimes,2026-02-10,93,7.09,7.09,89,0.0,0.0
966,Nimes,2026-02-10,100,7.8,7.8,91,0.71,0.45
967,Nimes,2026-02-10,100,7.96,7.96,94,0.91,1.17
968,Nimes,2026-02-10,92,9.78,9.78,84,0.0,0.0
969,Nimes,2026-02-10,93,11.22,11.22,86,0.31,0.49
970,Nimes,2026-02-10,100,10.17,10.17,98,1.0,1.87
971,Nimes,2026-02-10,100,9.69,9.69,99,1.0,4.16
972,Nimes,2026-02-10,100,10.29,10.29,98,1.0,5.32
973,Nimes,2026-02-11,96,9.69,9.69,97,1.0,0.16
974,Nimes,2026-02-11,97,11.31,11.31,78,0.0,0.0
975,Nimes,2026-02-11,96,12.37,12.37,73,0.0,0.0
976,Nimes,2026-02-11,79,14.41,14.41,66,0.0,0.0
977,Nimes,2026-02-11,85,16.8,16.8,54,0.0,0.0
978,Nimes,2026-02-11,100,16.3,16.3,62,0.0,0.0
979,Nimes,2026-02-11,100,13.37,13.37,76,0.0,0.0
980,Nimes,2026-02-11,100,11.74,11.74,92,1.0,0.84
981,Nimes,2026-02-12,100,11.27,11.27,97,1.0,3.22
982,Nimes,2026-02-12,100,11.23,11.23,68,0.99,0.91
983,Nimes,2026-02-12,92,9.46,9.46,72,0.79,0.0
984,Nimes,2026-02-12,100,12.38,12.38,63,0.03,0.0
985,Nimes,2026-02-12,100,12.46,12.46,66,0.0,0.0
986,Nimes,2026-02-12,100,12.23,12.23,66,0.0,0.0
987,Nimes,2026-02-12,88,11.46,11.46,65,0.0,0.0
988,Nimes,2026-02-12,89,9.97,9.97,60,0.0,0.0
989,Nimes,2026-02-13,89,8.28,8.28,68,0.0,0.0
990,Nimes,2026-02-13,99,7.87,7.87,70,0.0,0.0
991,Nimes,2026-02-13,99,8.25,8.25,72,0.0,0.0
992,Nimes,2026-02-13,86,9.2,9.2,72,0.0,0.0
993,Nimes,2026-02-13,93,10.19,10.19,78,0.2,0.35
994,Nimes,2026-02-13,100,10.27,10.27,80,0.49,0.34
995,Nimes,2026-02-13,100,9.09,9.09,79,0.04,0.0
996,Nimes,2026-02-13,100,8.45,8.45,81,0.0,0.0
997,Nimes,2026-02-14,100,7.78,7.78,71,0.0,0.0
998,Nimes,2026-02-14,85,6.91,6.91,71,0.0,0.0
999,Nimes,2026-02-14,64,7.53,7.53,64,0.0,0.0
1000,Aigues Mortes,2026-02-09,0,6.8,9.03,100,0.0,0.0
1001,Aigues Mortes,2026-02-09,28,8.19,10.97,91,0.0,0.0
1002,Aigues Mortes,2026-02-09,67,9.66,11.09,82,0.0,0.0
1003,Aigues Mortes,2026-02-09,82,10.15,10.15,77,0.0,0.0
1004,Aigues Mortes,2026-02-09,97,10.31,10.31,79,0.0,0.0
1005,Aigues Mortes,2026-02-10,98,10.36,10.36,84,0.0,0.0
1006,Aigues Mortes,2026-02-10,100,10.11,10.11,88,0.22,0.13
1007,Aigues Mortes,2026-02-10,100,9.69,9.69,89,0.13,0.0
1008,Aigues Mortes,2026-02-10,84,10.58,10.58,87,0.0,0.0
1009,Aigues Mortes,2026-02-10,92,11.41,11.41,89,0.54,0.65
1010,Aigues Mortes,2026-02-10,100,10.83,10.83,93,1.0,1.25
1011,Aigues Mortes,2026-02-10,100,11.04,11.04,94,1.0,5.0
1012,Aigues Mortes,2026-02-10,100,11.61,11.61,93,1.0,4.25
1013,Aigues Mortes,2026-02-11,88,11.68,11.68,91,1.0,0.29
1014,Aigues Mortes,2026-02-11,48,13.14,13.14,74,0.0,0.0
1015,Aigues Mortes,2026-02-11,71,13.15,13.15,73,0.0,0.0
1016,Aigues Mortes,2026-02-11,53,14.33,14.33,69,0.0,0.0
1017,Aigues Mortes,2026-02-11,67,15.5,15.5,67,0.0,0.0
1018,Aigues Mortes,2026-02-11,99,14.88,14.88,73,0.0,0.0
1019,Aigues Mortes,2026-02-11,99,13.37,13.37,84,0.0,0.0
1020,Aigues Mortes,2026-02-11,100,12.59,12.59,91,1.0,0.58
1021,Aigues Mortes,2026-02-12,98,12.39,12.39,90,1.0,3.95
1022,Aigues Mortes,2026-02-12,87,12.71,12.71,64,0.04,0.0
1023,Aigues Mortes,2026-02-12,80,10.62,10.62,75,0.0,0.0
1024,Aigues Mortes,2026-02-12,55,11.78,11.78,69,0.0,0.0
1025,Aigues Mortes,2026-02-12,76,12.45,12.45,71,0.2,0.31
1026,Aigues Mortes,2026-02-12,100,12.22,12.22,71,0.37,0.3
1027,Aigues Mortes,2026-02-12,96,12.2,12.2,68,0.0,0.0
1028,Aigues Mortes,2026-02-12,85,11.27,11.27,65,0.0,0.0
1029,Aigues Mortes,2026-02-13,83,10.05,10.05,75,0.0,0.0
1030,Aigues Mortes,2026-02-13,100,10.16,10.16,70,0.0,0.0
1031,Aigues Mortes,2026-02-13,100,9.79,9.79,74,0.0,0.0
1032,Aigues Mortes,2026-02-13,89,10.48,10.48,76,0.0,0.0
1033,Aigues Mortes,2026-02-13,95,11.3,11.3,74,0.0,0.0
1034,Aigues Mortes,2026-02-13,100,10.5,10.5,77,1.0,1.09
1035,Aigues Mortes,2026-02-13,100,9.98,9.98,76,0.74,0.0
1036,Aigues Mortes,2026-02-13,100,10.43,10.43,68,0.26,0.13
1037,Aigues Mortes,2026-02-14,97,9.58,9.58,68,0.0,0.0
1038,Aigues Mortes,2026-02-14,78,9.12,9.12,65,0.0,0.0
1039,Aigues Mortes,2026-02-14,57,8.68,8.68,67,0.0,0.0
1040,Saintes Maries de la mer,2026-02-09,88,9.63,9.63,79,0.0,0.0
1041,Saintes Maries de la mer,2026-02-09,86,10.12,11.11,76,0.0,0.0
1042,Saintes Maries de la mer,2026-02-09,96,10.62,11.11,73,0.0,0.0
1043,Saintes Maries de la mer,2026-02-09,71,10.81,10.81,75,0.0,0.0
1044,Saintes Maries de la mer,2026-02-09,93,11.15,11.15,77,0.0,0.0
1045,Saintes Maries de la mer,2026-02-10,96,11.34,11.34,82,0.0,0.0
1046,Saintes Maries de la mer,2026-02-10,100,11.25,11.25,84,0.0,0.0
1047,Saintes Maries de la mer,2026-02-10,100,11.07,11.07,85,0.0,0.0
1048,Saintes Maries de la mer,2026-02-10,71,11.7,11.7,85,0.0,0.0
1049,Saintes Maries de la mer,2026-02-10,86,12.27,12.27,86,0.22,0.28
1050,Saintes Maries de la mer,2026-02-10,100,11.42,11.42,90,1.0,1.07
1051,Saintes Maries de la mer,2026-02-10,100,11.33,11.33,94,1.0,5.53
1052,Saintes Maries de la mer,2026-02-10,100,11.85,11.85,92,1.0,3.18
1053,Saintes Maries de la mer,2026-02-11,81,12.38,12.38,90,1.0,0.29
1054,Saintes Maries de la mer,2026-02-11,36,13.22,13.22,76,0.0,0.0
1055,Saintes Maries de la mer,2026-02-11,57,13.27,13.27,72,0.0,0.0
1056,Saintes Maries de la mer,2026-02-11,27,13.96,13.96,73,0.0,0.0
1057,Saintes Maries de la mer,2026-02-11,52,14.71,14.71,74,0.0,0.0
1058,Saintes Maries de la mer,2026-02-11,99,14.34,14.34,77,0.0,0.0
1059,Saintes Maries de la mer,2026-02-11,99,13.19,13.19,88,0.0,0.0
1060,Saintes Maries de la mer,2026-02-11,100,12.88,12.88,89,0.87,0.46
1061,Saintes Maries de la mer,2026-02-12,100,12.51,12.51,93,1.0,3.15
1062,Saintes Maries de la mer,2026-02-12,78,12.79,12.79,69,0.59,0.46
1063,Saintes Maries de la mer,2026-02-12,80,11.15,11.15,75,0.22,0.0
1064,Saintes Maries de la mer,2026-02-12,96,12.02,12.02,70,0.0,0.0
1065,Saintes Maries de la mer,2026-02-12,97,12.23,12.23,74,0.31,0.5
1066,Saintes Maries de la mer,2026-02-12,96,12.18,12.18,74,0.54,0.32
1067,Saintes Maries de la mer,2026-02-12,78,11.94,11.94,73,0.09,0.0
1068,Saintes Maries de la mer,2026-02-12,92,11.47,11.47,66,0.0,0.0
1069,Saintes Maries de la mer,2026-02-13,68,10.43,10.43,75,0.0,0.0
1070,Saintes Maries de la mer,2026-02-13,100,10.8,10.8,67,0.0,0.0
1071,Saintes Maries de la mer,2026-02-13,100,10.28,10.28,68,0.0,0.0
1072,Saintes Maries de la mer,2026-02-13,86,10.44,10.44,72,0.0,0.0
1073,Saintes Maries de la mer,2026-02-13,92,11.56,11.56,72,0.0,0.0
1074,Saintes Maries de la mer,2026-02-13,100,10.56,10.56,81,0.99,0.66
1075,Saintes Maries de la mer,2026-02-13,100,9.7,9.7,80,0.69,0.0
1076,Saintes Maries de la mer,2026-02-13,100,10.29,10.29,73,0.71,0.38
1077,Saintes Maries de la mer,2026-02-14,100,9.38,9.38,73,0.0,0.0
1078,Saintes Maries de la mer,2026-02-14,81,9.16,9.16,67,0.0,0.0
1079,Saintes Maries de la mer,2026-02-14,58,8.79,8.79,71,0.0,0.0
1080,Collioure,2026-02-09,89,6.79,10.17,92,0.0,0.0
1081,Collioure,2026-02-09,91,8.61,12.25,84,0.0,0.0
1082,Collioure,2026-02-09,93,10.5,12.35,78,0.0,0.0
1083,Collioure,2026-02-09,98,9.71,9.71,85,0.0,0.0
1084,Collioure,2026-02-09,100,9.18,9.18,89,0.0,0.0
1085,Collioure,2026-02-10,100,9.65,9.65,86,0.0,0.0
1086,Collioure,2026-02-10,98,9.29,9.29,86,0.0,0.0
1087,Collioure,2026-02-10,99,9.41,9.41,88,0.2,0.12
1088,Collioure,2026-02-10,100,11.3,11.3,81,0.0,0.0
1089,Collioure,2026-02-10,100,11.76,11.76,80,0.0,0.0
1090,Collioure,2026-02-10,100,13.69,13.69,74,0.6,0.38
1091,Collioure,2026-02-10,100,11.75,11.75,85,0.4,0.0
1092,Collioure,2026-02-10,100,11.42,11.42,87,0.67,0.47
1093,Collioure,2026-02-11,100,13.89,13.89,76,0.6,0.21
1094,Collioure,2026-02-11,82,11.84,11.84,81,0.0,0.0
1095,Collioure,2026-02-11,43,11.52,11.52,79,0.0,0.0
1096,Collioure,2026-02-11,9,14.89,14.89,66,0.0,0.0
1097,Collioure,2026-02-11,35,17.31,17.31,61,0.0,0.0
1098,Collioure,2026-02-11,100,16.4,16.4,71,0.0,0.0
1099,Collioure,2026-02-11,100,13.87,13.87,84,0.0,0.0
1100,Collioure,2026-02-11,100,13.12,13.12,86,0.0,0.0
1101,Collioure,2026-02-12,89,12.15,12.15,86,0.0,0.0
1102,Collioure,2026-02-12,21,10.59,10.59,92,1.0,1.28
1103,Collioure,2026-02-12,20,10.99,10.99,76,1.0,0.13
1104,Collioure,2026-02-12,0,14.75,14.75,51,0.0,0.0
1105,Collioure,2026-02-12,1,17.12,17.12,40,0.0,0.0
1106,Collioure,2026-02-12,1,15.17,15.17,45,0.0,0.0
1107,Collioure,2026-02-12,1,13.44,13.44,46,0.0,0.0
1108,Collioure,2026-02-12,95,11.5,11.5,56,0.0,0.0
1109,Collioure,2026-02-13,98,10.94,10.94,58,0.0,0.0
1110,Collioure,2026-02-13,100,10.34,10.34,71,0.0,0.0
1111,Collioure,2026-02-13,100,11.05,11.05,80,0.0,0.0
1112,Collioure,2026-02-13,95,10.78,10.78,84,0.2,0.19
1113,Collioure,2026-02-13,97,10.95,10.95,77,0.24,0.18
1114,Collioure,2026-02-13,100,10.61,10.61,74,0.2,0.11
1115,Collioure,2026-02-13,100,10.71,10.71,61,0.02,0.0
1116,Collioure,2026-02-13,100,10.45,10.45,55,0.0,0.0
1117,Collioure,2026-02-14,89,7.96,7.96,79,0.0,0.0
1118,Collioure,2026-02-14,30,8.51,8.51,64,0.0,0.0
1119,Collioure,2026-02-14,53,7.33,7.33,70,0.0,0.0
1120,Carcassonne,2026-02-09,0,4.31,8.94,97,0.0,0.0
1121,Carcassonne,2026-02-09,33,6.82,11.84,88,0.0,0.0
1122,Carcassonne,2026-02-09,65,8.66,10.84,80,0.0,0.0
1123,Carcassonne,2026-02-09,98,9.39,9.39,78,0.0,0.0
1124,Carcassonne,2026-02-09,98,8.09,8.09,85,0.0,0.0
1125,Carcassonne,2026-02-10,99,8.25,8.25,90,0.3,0.18
1126,Carcassonne,2026-02-10,100,8.2,8.2,96,1.0,1.6
1127,Carcassonne,2026-02-10,100,8.3,8.3,97,1.0,4.45
1128,Carcassonne,2026-02-10,100,8.98,8.98,96,1.0,2.02
1129,Carcassonne,2026-02-10,100,9.89,9.89,97,1.0,1.52
1130,Carcassonne,2026-02-10,100,10.22,10.22,99,1.0,4.49
1131,Carcassonne,2026-02-10,100,10.65,10.65,98,1.0,5.45
1132,Carcassonne,2026-02-10,99,12.49,12.49,94,1.0,3.28
1133,Carcassonne,2026-02-11,97,12.87,12.87,84,1.0,1.26
1134,Carcassonne,2026-02-11,61,11.72,11.72,86,0.98,0.64
1135,Carcassonne,2026-02-11,59,11.63,11.63,85,1.0,1.02
1136,Carcassonne,2026-02-11,92,13.18,13.18,80,1.0,1.0
1137,Carcassonne,2026-02-11,81,15.95,15.95,69,0.71,0.0
1138,Carcassonne,2026-02-11,100,14.12,14.12,76,0.36,0.14
1139,Carcassonne,2026-02-11,100,11.99,11.99,92,1.0,1.01
1140,Carcassonne,2026-02-11,100,11.51,11.51,94,1.0,0.76
1141,Carcassonne,2026-02-12,100,11.74,11.74,72,1.0,8.64
1142,Carcassonne,2026-02-12,95,10.97,10.97,65,1.0,2.28
1143,Carcassonne,2026-02-12,98,8.76,8.76,84,1.0,0.45
1144,Carcassonne,2026-02-12,100,9.12,9.12,88,1.0,1.67
1145,Carcassonne,2026-02-12,100,10.3,10.3,77,1.0,2.5
1146,Carcassonne,2026-02-12,73,11.26,11.26,77,1.0,0.77
1147,Carcassonne,2026-02-12,58,9.74,9.74,83,1.0,0.83
1148,Carcassonne,2026-02-12,94,8.59,8.59,81,0.61,0.39
1149,Carcassonne,2026-02-13,90,7.8,7.8,85,0.27,0.0
1150,Carcassonne,2026-02-13,100,7.32,7.32,84,0.0,0.0
1151,Carcassonne,2026-02-13,100,6.98,6.98,85,0.0,0.0
1152,Carcassonne,2026-02-13,99,9.26,9.26,78,0.0,0.0
1153,Carcassonne,2026-02-13,100,9.41,9.41,84,0.0,0.0
1154,Carcassonne,2026-02-13,100,8.12,8.12,92,1.0,4.47
1155,Carcassonne,2026-02-13,100,8.06,8.06,83,1.0,2.21
1156,Carcassonne,2026-02-13,100,6.84,6.84,89,0.61,0.37
1157,Carcassonne,2026-02-14,100,6.67,6.67,89,1.0,2.84
1158,Carcassonne,2026-02-14,98,6.17,6.17,87,0.48,0.33
1159,Carcassonne,2026-02-14,99,4.58,4.58,87,0.59,0.27
1160,Ariege,2026-02-09,100,2.46,3.88,54,0.0,0.0
1161,Ariege,2026-02-09,100,3.22,4.74,64,0.0,0.0
1162,Ariege,2026-02-09,95,4.67,5.77,76,1.0,0.73
1163,Ariege,2026-02-09,96,4.56,4.56,85,0.64,0.0
1164,Ariege,2026-02-09,100,4.25,4.25,80,0.0,0.0
1165,Ariege,2026-02-10,100,4.04,4.04,91,1.0,2.56
1166,Ariege,2026-02-10,100,4.29,4.29,94,1.0,7.94
1167,Ariege,2026-02-10,100,4.36,4.36,96,1.0,8.98
1168,Ariege,2026-02-10,100,5.4,5.4,92,1.0,4.22
1169,Ariege,2026-02-10,100,7.16,7.16,92,1.0,4.27
1170,Ariege,2026-02-10,100,7.23,7.23,96,1.0,2.82
1171,Ariege,2026-02-10,100,7.25,7.25,89,1.0,0.42
1172,Ariege,2026-02-10,100,6.96,6.96,97,1.0,5.36
1173,Ariege,2026-02-11,98,6.92,6.92,91,1.0,0.99
1174,Ariege,2026-02-11,38,4.2,4.2,88,0.0,0.0
1175,Ariege,2026-02-11,65,4.28,4.28,87,0.2,0.12
1176,Ariege,2026-02-11,90,6.83,6.83,82,0.0,0.0
1177,Ariege,2026-02-11,92,10.63,10.63,67,0.0,0.0
1178,Ariege,2026-02-11,100,8.68,8.68,83,0.0,0.0
1179,Ariege,2026-02-11,100,6.6,6.6,90,1.0,1.62
1180,Ariege,2026-02-11,100,7.15,7.15,87,0.65,0.62
1181,Ariege,2026-02-12,100,6.4,6.4,94,1.0,1.86
1182,Ariege,2026-02-12,39,4.31,4.31,64,0.31,0.0
1183,Ariege,2026-02-12,59,3.93,3.93,79,0.2,0.0
1184,Ariege,2026-02-12,100,3.48,3.48,86,0.49,0.26
1185,Ariege,2026-02-12,100,5.43,5.43,74,0.36,0.25
1186,Ariege,2026-02-12,85,4.92,4.92,77,0.97,0.46
1187,Ariege,2026-02-12,83,3.96,3.96,77,0.4,0.11
1188,Ariege,2026-02-12,86,1.87,1.87,79,0.0,0.0
1189,Ariege,2026-02-13,93,1.47,1.47,76,0.0,0.0
1190,Ariege,2026-02-13,100,2.53,2.53,75,0.0,0.0
1191,Ariege,2026-02-13,98,1.3,1.3,78,0.0,0.0
1192,Ariege,2026-02-13,100,3.68,3.68,76,0.0,0.0
1193,Ariege,2026-02-13,100,2.99,2.99,92,1.0,1.48
1194,Ariege,2026-02-13,100,2.18,2.18,100,1.0,5.93
1195,Ariege,2026-02-13,100,0.99,0.99,85,1.0,2.43
1196,Ariege,2026-02-13,98,0.09,0.09,98,1.0,0.99
1197,Ariege,2026-02-14,99,0.09,0.09,99,1.0,6.93
1198,Ariege,2026-02-14,100,-0.48,-0.48,99,1.0,0.0
1199,Ariege,2026-02-14,100,-1.29,-1.29,98,1.0,0.0
1200,Toulouse,2026-02-09,75,5.97,8.28,100,0.0,0.0
1201,Toulouse,2026-02-09,83,7.66,11.05,88,0.0,0.0
1202,Toulouse,2026-02-09,92,8.54,9.82,82,0.0,0.0
1203,Toulouse,2026-02-09,100,8.76,8.76,82,0.0,0.0
1204,Toulouse,2026-02-09,100,8.6,8.6,82,0.0,0.0
1205,Toulouse,2026-02-10,100,8.18,8.18,95,1.0,3.3
1206,Toulouse,2026-02-10,100,8.48,8.48,97,1.0,4.33
1207,Toulouse,2026-02-10,100,9.32,9.32,97,1.0,6.03
1208,Toulouse,2026-02-10,100,11.08,11.08,88,1.0,0.95
1209,Toulouse,2026-02-10,100,10.94,10.94,95,1.0,5.25
1210,Toulouse,2026-02-10,100,11.81,11.81,94,1.0,6.21
1211,Toulouse,2026-02-10,100,11.05,11.05,97,1.0,3.6
1212,Toulouse,2026-02-10,97,13.25,13.25,86,1.0,1.65
1213,Toulouse,2026-02-11,98,13.0,13.0,78,0.96,0.1
1214,Toulouse,2026-02-11,41,11.66,11.66,84,0.2,0.13
1215,Toulouse,2026-02-11,63,12.38,12.38,79,0.3,0.22
1216,Toulouse,2026-02-11,100,13.02,13.02,77,0.79,0.5
1217,Toulouse,2026-02-11,98,13.17,13.17,78,0.55,0.2
1218,Toulouse,2026-02-11,100,13.02,13.02,79,0.76,0.43
1219,Toulouse,2026-02-11,100,11.62,11.62,88,1.0,1.14
1220,Toulouse,2026-02-11,100,11.48,11.48,95,1.0,3.11
1221,Toulouse,2026-02-12,91,12.67,12.67,74,1.0,8.79
1222,Toulouse,2026-02-12,77,9.71,9.71,70,1.0,0.59
1223,Toulouse,2026-02-12,89,9.23,9.23,85,1.0,4.49
1224,Toulouse,2026-02-12,100,9.54,9.54,85,1.0,1.45
1225,Toulouse,2026-02-12,100,10.94,10.94,75,1.0,0.91
1226,Toulouse,2026-02-12,36,11.55,11.55,73,1.0,0.37
1227,Toulouse,2026-02-12,46,9.87,9.87,82,1.0,0.34
1228,Toulouse,2026-02-12,100,8.47,8.47,85,0.27,0.19
1229,Toulouse,2026-02-13,96,7.34,7.34,83,0.0,0.0
1230,Toulouse,2026-02-13,79,6.46,6.46,83,0.0,0.0
1231,Toulouse,2026-02-13,87,7.31,7.31,82,0.5,0.45
1232,Toulouse,2026-02-13,100,7.82,7.82,86,1.0,2.39
1233,Toulouse,2026-02-13,100,7.76,7.76,88,1.0,4.06
1234,Toulouse,2026-02-13,100,9.15,9.15,86,1.0,3.43
1235,Toulouse,2026-02-13,99,7.81,7.81,82,1.0,0.38
1236,Toulouse,2026-02-13,99,7.31,7.31,87,1.0,3.17
1237,Toulouse,2026-02-14,98,6.84,6.84,77,1.0,0.33
1238,Toulouse,2026-02-14,86,6.38,6.38,80,1.0,0.51
1239,Toulouse,2026-02-14,94,4.56,4.56,82,1.0,0.39
1240,Montauban,2026-02-09,100,7.98,7.98,88,0.0,0.0
1241,Montauban,2026-02-09,100,8.8,10.45,83,0.0,0.0
1242,Montauban,2026-02-09,100,9.12,9.69,80,0.0,0.0
1243,Montauban,2026-02-09,100,8.29,8.29,83,0.21,0.32
1244,Montauban,2026-02-09,100,8.68,8.68,84,0.0,0.0
1245,Montauban,2026-02-10,100,8.95,8.95,95,1.0,3.22
1246,Montauban,2026-02-10,100,8.61,8.61,96,1.0,1.54
1247,Montauban,2026-02-10,100,9.74,9.74,98,1.0,3.73
1248,Montauban,2026-02-10,100,11.47,11.47,94,1.0,1.22
1249,Montauban,2026-02-10,100,12.13,12.13,95,1.0,2.93
1250,Montauban,2026-02-10,100,12.49,12.49,94,1.0,5.5
1251,Montauban,2026-02-10,100,13.72,13.72,89,1.0,4.57
1252,Montauban,2026-02-10,73,13.83,13.83,77,0.15,0.0
1253,Montauban,2026-02-11,83,12.63,12.63,83,0.29,0.34
1254,Montauban,2026-02-11,99,12.03,12.03,83,0.93,0.51
1255,Montauban,2026-02-11,99,12.36,12.36,84,1.0,0.96
1256,Montauban,2026-02-11,95,13.12,13.12,82,1.0,0.95
1257,Montauban,2026-02-11,96,12.9,12.9,83,1.0,0.9
1258,Montauban,2026-02-11,100,11.91,11.91,87,1.0,1.86
1259,Montauban,2026-02-11,100,11.18,11.18,91,1.0,2.54
1260,Montauban,2026-02-11,100,11.62,11.62,93,1.0,2.85
1261,Montauban,2026-02-12,90,12.19,12.19,60,1.0,0.45
1262,Montauban,2026-02-12,92,9.37,9.37,80,1.0,1.21
1263,Montauban,2026-02-12,96,9.67,9.67,88,1.0,6.46
1264,Montauban,2026-02-12,100,10.03,10.03,85,1.0,2.25
1265,Montauban,2026-02-12,100,10.66,10.66,77,1.0,1.02
1266,Montauban,2026-02-12,77,12.09,12.09,71,1.0,0.38
1267,Montauban,2026-02-12,53,9.56,9.56,84,0.36,0.18
1268,Montauban,2026-02-12,100,9.42,9.42,82,1.0,0.67
1269,Montauban,2026-02-13,100,7.65,7.65,90,0.64,0.0
1270,Montauban,2026-02-13,96,7.41,7.41,88,0.0,0.0
1271,Montauban,2026-02-13,98,6.91,6.91,93,1.0,2.6
1272,Montauban,2026-02-13,100,7.47,7.47,95,1.0,4.47
1273,Montauban,2026-02-13,100,7.96,7.96,92,1.0,5.21
1274,Montauban,2026-02-13,100,9.62,9.62,84,1.0,3.22
1275,Montauban,2026-02-13,92,7.77,7.77,83,1.0,0.19
1276,Montauban,2026-02-13,82,7.36,7.36,85,0.95,0.4
1277,Montauban,2026-02-14,84,7.01,7.01,79,0.61,0.21
1278,Montauban,2026-02-14,100,6.21,6.21,81,1.0,0.45
1279,Montauban,2026-02-14,88,3.41,3.41,92,0.19,0.0
1280,Biarritz,2026-02-09,100,8.96,11.3,66,0.75,0.53
1281,Biarritz,2026-02-09,100,11.23,11.28,70,0.41,0.0
1282,Biarritz,2026-02-09,100,12.85,13.63,70,0.0,0.0
1283,Biarritz,2026-02-09,100,12.11,12.11,85,0.59,0.61
1284,Biarritz,2026-02-09,100,11.18,11.18,89,1.0,5.38
1285,Biarritz,2026-02-10,100,11.34,11.34,95,1.0,6.2
1286,Biarritz,2026-02-10,100,12.35,12.35,92,1.0,3.86
1287,Biarritz,2026-02-10,100,12.76,12.76,93,1.0,2.08
1288,Biarritz,2026-02-10,100,12.3,12.3,93,1.0,4.77
1289,Biarritz,2026-02-10,100,14.79,14.79,86,1.0,2.84
1290,Biarritz,2026-02-10,100,16.83,16.83,76,0.91,0.5
1291,Biarritz,2026-02-10,100,14.39,14.39,90,1.0,8.23
1292,Biarritz,2026-02-10,54,13.76,13.76,90,0.98,1.12
1293,Biarritz,2026-02-11,29,13.51,13.51,87,0.75,0.0
1294,Biarritz,2026-02-11,92,13.87,13.87,79,0.0,0.0
1295,Biarritz,2026-02-11,95,12.61,12.61,83,0.0,0.0
1296,Biarritz,2026-02-11,99,13.11,13.11,78,0.0,0.0
1297,Biarritz,2026-02-11,100,15.05,15.05,74,0.71,0.73
1298,Biarritz,2026-02-11,100,14.2,14.2,85,1.0,1.4
1299,Biarritz,2026-02-11,100,15.97,15.97,82,1.0,1.11
1300,Biarritz,2026-02-11,100,14.45,14.45,85,1.0,4.33
1301,Biarritz,2026-02-12,67,13.67,13.67,60,1.0,0.63
1302,Biarritz,2026-02-12,100,12.19,12.19,71,0.2,0.21
1303,Biarritz,2026-02-12,100,12.14,12.14,73,0.97,0.83
1304,Biarritz,2026-02-12,82,12.32,12.32,73,1.0,1.7
1305,Biarritz,2026-02-12,53,13.17,13.17,70,1.0,0.93
1306,Biarritz,2026-02-12,24,13.53,13.53,68,0.3,0.18
1307,Biarritz,2026-02-12,49,11.99,11.99,75,0.0,0.0
1308,Biarritz,2026-02-12,100,13.02,13.02,63,0.0,0.0
1309,Biarritz,2026-02-13,100,12.8,12.8,71,0.2,0.23
1310,Biarritz,2026-02-13,100,11.46,11.46,80,1.0,1.14
1311,Biarritz,2026-02-13,100,10.41,10.41,93,1.0,3.54
1312,Biarritz,2026-02-13,100,11.22,11.22,85,1.0,7.72
1313,Biarritz,2026-02-13,100,11.06,11.06,84,1.0,2.69
1314,Biarritz,2026-02-13,100,10.67,10.67,79,1.0,1.33
1315,Biarritz,2026-02-13,78,9.94,9.94,83,1.0,2.39
1316,Biarritz,2026-02-13,100,9.83,9.83,74,1.0,2.05
1317,Biarritz,2026-02-14,100,9.64,9.64,73,1.0,2.33
1318,Biarritz,2026-02-14,97,9.14,9.14,73,1.0,2.79
1319,Biarritz,2026-02-14,98,8.64,8.64,69,1.0,2.46
1320,Bayonne,2026-02-09,100,8.4,11.42,66,0.88,0.75
1321,Bayonne,2026-02-09,100,11.16,11.33,71,0.6,0.0
1322,Bayonne,2026-02-09,100,12.63,13.24,72,0.0,0.0
1323,Bayonne,2026-02-09,100,11.79,11.79,86,0.39,0.46
1324,Bayonne,2026-02-09,100,10.56,10.56,93,1.0,5.86
1325,Bayonne,2026-02-10,100,11.1,11.1,97,1.0,5.73
1326,Bayonne,2026-02-10,100,11.77,11.77,94,1.0,4.89
1327,Bayonne,2026-02-10,100,12.51,12.51,94,1.0,2.07
1328,Bayonne,2026-02-10,100,12.21,12.21,95,1.0,5.34
1329,Bayonne,2026-02-10,100,14.56,14.56,88,1.0,2.96
1330,Bayonne,2026-02-10,100,16.71,16.71,78,1.0,0.61
1331,Bayonne,2026-02-10,100,14.34,14.34,91,1.0,8.45
1332,Bayonne,2026-02-10,51,13.51,13.51,91,1.0,1.13
1333,Bayonne,2026-02-11,30,13.24,13.24,88,0.79,0.0
1334,Bayonne,2026-02-11,99,13.61,13.61,79,0.0,0.0
1335,Bayonne,2026-02-11,98,11.94,11.94,86,0.0,0.0
1336,Bayonne,2026-02-11,99,12.84,12.84,79,0.0,0.0
1337,Bayonne,2026-02-11,100,14.63,14.63,77,0.77,0.78
1338,Bayonne,2026-02-11,100,13.92,13.92,87,1.0,1.55
1339,Bayonne,2026-02-11,100,15.94,15.94,83,1.0,1.15
1340,Bayonne,2026-02-11,100,14.4,14.4,86,1.0,4.78
1341,Bayonne,2026-02-12,70,13.08,13.08,61,1.0,0.78
1342,Bayonne,2026-02-12,100,12.04,12.04,71,0.2,0.24
1343,Bayonne,2026-02-12,100,11.86,11.86,74,0.97,0.8
1344,Bayonne,2026-02-12,79,11.98,11.98,75,1.0,1.87
1345,Bayonne,2026-02-12,55,13.09,13.09,71,1.0,1.22
1346,Bayonne,2026-02-12,34,13.53,13.53,68,0.25,0.26
1347,Bayonne,2026-02-12,55,11.34,11.34,76,0.02,0.0
1348,Bayonne,2026-02-12,100,12.15,12.15,65,0.0,0.0
1349,Bayonne,2026-02-13,100,12.23,12.23,72,0.2,0.24
1350,Bayonne,2026-02-13,100,10.84,10.84,83,1.0,1.19
1351,Bayonne,2026-02-13,100,10.07,10.07,94,1.0,3.23
1352,Bayonne,2026-02-13,100,10.82,10.82,87,1.0,8.52
1353,Bayonne,2026-02-13,100,10.89,10.89,86,1.0,2.92
1354,Bayonne,2026-02-13,100,10.46,10.46,80,1.0,1.43
1355,Bayonne,2026-02-13,88,9.57,9.57,84,1.0,2.46
1356,Bayonne,2026-02-13,100,9.32,9.32,76,1.0,2.25
1357,Bayonne,2026-02-14,99,9.12,9.12,74,1.0,2.57
1358,Bayonne,2026-02-14,96,8.63,8.63,74,1.0,2.91
1359,Bayonne,2026-02-14,98,7.97,7.97,73,1.0,2.49
1360,La Rochelle,2026-02-09,100,7.07,9.64,100,0.97,0.79
1361,La Rochelle,2026-02-09,100,8.22,10.52,96,0.9,0.32
1362,La Rochelle,2026-02-09,100,9.51,10.73,96,1.0,2.3
1363,La Rochelle,2026-02-09,100,11.33,11.33,91,1.0,1.6
1364,La Rochelle,2026-02-09,100,11.7,11.7,88,1.0,1.47
1365,La Rochelle,2026-02-10,99,11.51,11.51,91,1.0,1.25
1366,La Rochelle,2026-02-10,41,11.37,11.37,92,0.2,0.14
1367,La Rochelle,2026-02-10,59,11.3,11.3,96,0.0,0.0
1368,La Rochelle,2026-02-10,100,11.5,11.5,99,1.0,0.82
1369,La Rochelle,2026-02-10,100,11.97,11.97,97,1.0,2.85
1370,La Rochelle,2026-02-10,100,12.29,12.29,97,1.0,6.26
1371,La Rochelle,2026-02-10,100,12.48,12.48,90,1.0,1.85
1372,La Rochelle,2026-02-10,100,12.36,12.36,85,1.0,1.26
1373,La Rochelle,2026-02-11,98,12.13,12.13,87,1.0,2.01
1374,La Rochelle,2026-02-11,100,11.93,11.93,88,1.0,9.04
1375,La Rochelle,2026-02-11,80,11.95,11.95,88,1.0,0.43
1376,La Rochelle,2026-02-11,100,12.08,12.08,84,0.0,0.0
1377,La Rochelle,2026-02-11,100,11.37,11.37,94,1.0,0.72
1378,La Rochelle,2026-02-11,100,11.48,11.48,94,1.0,11.56
1379,La Rochelle,2026-02-11,100,13.04,13.04,88,1.0,6.03
1380,La Rochelle,2026-02-11,74,12.04,12.04,77,1.0,1.12
1381,La Rochelle,2026-02-12,87,11.28,11.28,83,1.0,1.41
1382,La Rochelle,2026-02-12,100,11.3,11.3,77,1.0,3.13
1383,La Rochelle,2026-02-12,100,10.84,10.84,81,0.8,0.0
1384,La Rochelle,2026-02-12,99,11.22,11.22,83,1.0,1.59
1385,La Rochelle,2026-02-12,100,11.18,11.18,82,1.0,0.99
1386,La Rochelle,2026-02-12,74,11.27,11.27,76,0.94,0.46
1387,La Rochelle,2026-02-12,46,10.54,10.54,85,0.54,0.18
1388,La Rochelle,2026-02-12,100,11.44,11.44,87,1.0,6.68
1389,La Rochelle,2026-02-13,100,10.66,10.66,88,1.0,4.23
1390,La Rochelle,2026-02-13,100,10.26,10.26,91,1.0,1.74
1391,La Rochelle,2026-02-13,100,10.0,10.0,89,1.0,2.42
1392,La Rochelle,2026-02-13,100,10.08,10.08,87,0.92,0.7
1393,La Rochelle,2026-02-13,100,10.37,10.37,77,1.0,0.63
1394,La Rochelle,2026-02-13,19,9.85,9.85,77,0.22,0.24
1395,La Rochelle,2026-02-13,15,8.79,8.79,83,0.2,0.1
1396,La Rochelle,2026-02-13,46,7.67,7.67,83,0.45,0.26
1397,La Rochelle,2026-02-14,73,6.05,6.05,81,0.28,0.2
1398,La Rochelle,2026-02-14,100,5.23,5.23,73,0.2,0.12
1399,La Rochelle,2026-02-14,81,4.52,4.52,69,0.0,0.0
